,0,1,2,3,4,5,6,7
0,0,0,1,0,0,0,1,0
1,1,0,1,0,1,1,1,1
2,0,1,1,0,0,1,0,0
3,1,1,1,1,1,1,0,1
4,0,0,0,0,1,1,1,0
5,1,1,0,1,1,1,1,1
6,1,1,0,0,0,1,1,1
7,1,0,1,1,1,0,0,0
8,1,0,1,0,1,0,0,1
9,0,1,0,0,1,1,1,0
10,0,0,1,0,1,0,0,0
11,0,1,0,1,1,1,0,1
12,1,1,0,0,0,1,0,1
13,1,0,1,0,1,0,0,0
14,0,0,1,0,0,1,0,0
15,1,1,0,0,1,0,1,1
16,1,1,1,0,1,1,1,0
17,0,1,1,0,0,0,0,1
18,0,1,0,0,1,0,0,1
19,0,0,1,0,1,1,1,1
20,0,1,1,1,1,0,0,0
21,1,0,1,0,1,0,1,0
22,0,0,0,1,1,1,0,1
23,0,0,1,0,0,1,0,0
24,1,0,0,0,1,1,1,1
25,1,0,1,1,1,1,0,1
26,1,1,0,1,1,1,0,0
27,1,1,1,0,0,0,0,1
28,0,0,0,1,1,1,1,0
29,1,0,1,1,1,0,1,0
30,1,0,1,0,1,1,1,1
31,1,0,0,0,1,1,1,0
32,1,0,1,1,0,0,1,0
33,1,1,0,1,1,1,0,0
34,0,0,1,1,0,1,0,1
35,1,1,1,0,0,1,1,0
36,0,1,0,0,0,1,0,1
37,1,0,1,0,1,1,1,1
38,0,0,0,0,0,0,1,0
39,1,0,0,0,1,1,0,0
40,0,0,1,1,0,1,1,0
41,1,1,1,1,1,1,1,1
42,1,1,1,1,0,0,0,0
43,0,0,1,1,0,1,0,1
44,0,1,1,0,0,0,0,1
45,1,0,0,0,0,1,0,0
46,1,0,1,0,0,0,0,0
47,0,1,0,0,1,1,0,0
48,1,1,1,1,1,1,0,1
49,1,0,0,1,1,0,1,0
50,1,0,1,1,1,1,1,0
51,1,0,1,1,0,0,0,0
52,1,1,0,0,1,0,1,0
53,0,0,1,1,0,0,1,1
54,0,0,1,0,1,0,0,1
55,1,1,0,1,0,1,1,1
56,0,1,1,0,1,0,0,0
57,0,0,1,0,0,0,0,0
58,0,0,1,0,0,0,0,0
59,0,1,0,0,0,1,1,1
60,1,0,1,1,0,0,1,0
61,1,0,1,0,1,0,1,0
62,0,1,0,0,1,1,0,0
63,1,1,0,1,0,0,0,0
64,0,1,1,1,0,0,0,0
65,1,0,1,1,1,1,0,1
66,1,0,0,0,0,1,1,0
67,1,0,0,0,0,0,0,0
68,0,0,1,0,1,0,1,1
69,0,0,0,1,0,0,0,1
70,0,1,1,1,1,1,0,1
71,1,1,1,1,0,0,1,1
72,1,0,1,0,1,0,1,1
73,1,0,0,1,0,1,0,0
74,1,0,1,1,0,1,0,1
75,0,1,0,1,0,1,0,0
76,0,1,0,1,1,1,0,1
77,0,0,1,1,0,1,1,1
78,1,0,1,0,0,0,0,0
79,0,0,0,0,1,1,1,1
80,0,1,0,1,1,0,1,1
81,0,0,1,0,0,0,1,1
82,1,1,0,1,0,1,0,0
83,0,0,1,1,0,0,1,0
84,1,1,0,0,0,0,1,1
85,0,1,1,0,1,1,0,0
86,0,0,1,0,0,1,0,0
87,0,1,0,1,1,0,0,1
88,1,1,0,0,0,0,1,0
89,1,0,1,0,0,1,1,1
90,1,1,1,1,1,0,1,0
91,0,1,1,0,1,1,0,0
92,0,0,0,0,0,1,0,1
93,1,1,0,1,1,0,1,1
94,0,0,0,1,0,0,0,0
95,1,0,0,1,0,1,1,1
96,0,0,0,0,0,1,1,1
97,1,1,0,1,1,0,0,1
98,1,0,0,0,0,0,1,1
99,0,1,0,0,0,0,0,0
100,1,0,0,1,1,1,1,0
101,1,1,0,1,0,0,0,0
102,0,0,1,0,1,1,0,0
103,1,0,1,1,0,1,1,0
104,1,0,1,0,0,0,0,1
105,1,1,1,1,0,0,1,1
106,0,0,0,1,1,1,0,0
107,0,1,0,1,1,0,1,0
108,0,0,1,1,0,1,1,0
109,1,1,0,0,1,0,1,0
110,1,1,1,1,1,1,1,1
111,1,0,1,0,1,0,1,1
112,1,1,1,0,1,0,0,0
113,1,1,0,0,0,0,0,1
114,1,0,1,1,0,0,0,1
115,1,1,0,0,1,1,1,0
116,1,0,0,1,0,0,1,1
117,1,0,0,1,0,1,1,1
118,0,1,0,0,0,0,0,1
119,0,0,0,0,1,1,0,0
120,1,1,0,0,0,0,1,1
121,1,0,1,1,1,1,0,1
122,0,1,0,0,0,1,0,0
123,0,1,1,0,1,0,1,1
124,1,0,1,0,0,1,1,1
125,0,0,1,0,0,0,0,0
126,1,0,1,1,1,0,1,0
127,1,0,1,1,1,0,1,1
128,0,1,0,0,1,0,1,1
129,1,1,0,1,1,1,0,1
130,0,1,1,1,0,1,0,1
131,1,0,0,1,1,0,0,1
132,1,0,1,0,1,1,0,1
133,1,0,1,0,1,0,1,0
134,0,0,0,1,1,1,0,1
135,0,1,0,0,1,0,1,0
136,0,0,0,0,0,1,1,1
137,0,1,1,0,1,1,1,0
138,0,1,0,0,0,0,1,0
139,0,1,1,0,0,1,1,1
140,0,0,1,1,0,1,0,0
141,1,0,0,0,0,0,0,0
142,1,0,0,0,1,1,1,1
143,1,1,0,1,0,1,0,1
144,1,1,0,1,0,1,1,1
145,1,1,1,1,1,1,1,0
146,0,1,1,0,0,0,1,0
147,1,1,0,0,1,1,1,0
148,0,1,1,1,0,1,1,1
149,0,1,0,1,1,1,1,0
150,0,0,0,0,1,1,0,1
151,0,1,1,0,0,1,0,1
152,0,0,1,1,1,1,0,1
153,0,1,1,0,0,1,1,0
154,1,1,1,1,0,0,0,0
155,1,0,0,0,1,0,1,1
156,1,0,1,0,1,1,0,1
157,1,1,0,0,1,0,0,1
158,1,0,0,1,0,0,0,0
159,0,0,1,0,1,1,1,0
160,0,0,0,0,0,1,1,1
161,0,0,1,1,1,0,1,1
162,0,0,0,0,0,0,1,1
163,0,1,0,0,1,1,0,1
164,1,1,1,1,0,1,0,0
165,0,1,0,1,1,1,1,0
166,1,1,0,0,0,0,0,1
167,0,1,1,1,1,1,1,0
168,0,1,0,0,1,1,0,1
169,0,0,1,1,0,1,0,1
170,0,1,0,0,0,1,1,1
171,0,1,0,0,0,1,0,1
172,0,0,0,1,0,0,0,0
173,0,1,0,1,1,1,1,0
174,1,1,0,1,1,0,1,0
175,1,0,0,0,0,1,1,1
176,0,1,1,0,0,1,1,1
177,0,1,0,0,1,1,1,1
178,0,0,0,0,0,1,1,1
179,0,0,1,1,1,0,1,1
180,1,0,0,0,0,0,0,0
181,1,0,1,0,0,1,1,0
182,0,0,1,0,0,1,1,1
183,0,0,0,0,1,0,0,0
184,1,1,0,0,0,0,0,1
185,0,1,1,0,1,1,0,1
186,1,0,0,0,1,0,0,0
187,1,1,1,0,1,0,0,0
188,1,0,0,1,0,0,0,0
189,0,1,1,0,1,0,1,0
190,1,0,0,0,0,1,1,0
191,0,0,0,0,0,1,1,0
192,1,0,1,0,1,1,0,1
193,1,0,1,0,0,0,1,1
194,0,0,0,0,0,1,1,0
195,0,0,0,0,1,0,1,0
196,1,0,0,1,0,0,0,0
197,1,0,1,0,1,1,0,0
198,0,1,1,0,0,0,0,1
199,1,0,1,0,0,0,1,1
200,0,0,0,1,1,1,1,1
201,0,1,1,1,1,1,1,0
202,1,0,0,0,0,1,0,0
203,0,0,0,1,0,0,1,0
204,0,1,0,1,1,0,0,0
205,1,1,0,1,1,1,0,0
206,1,1,1,0,1,0,0,0
207,0,1,0,0,1,1,1,1
208,1,0,0,0,0,1,1,0
209,1,0,0,0,1,0,1,0
210,0,0,1,0,0,1,1,1
211,0,1,1,0,0,0,0,0
212,0,1,0,1,0,0,1,1
213,0,0,1,1,0,1,0,1
214,0,0,0,0,0,1,0,0
215,1,1,1,1,1,0,1,1
216,0,0,0,1,1,0,1,1
217,1,1,0,0,0,0,1,0
218,1,0,0,1,1,0,0,0
219,0,0,0,1,0,1,1,1
220,0,1,1,0,1,1,1,1
221,0,1,1,0,0,0,1,0
222,1,0,0,0,0,0,1,1
223,1,0,0,0,1,0,0,0
224,1,1,1,0,1,1,0,1
225,1,1,0,1,1,1,0,1
226,1,1,1,1,0,1,0,0
227,0,0,1,1,1,0,1,1
228,0,0,1,1,1,1,1,0
229,1,0,0,1,0,1,1,0
230,0,1,0,0,1,0,0,0
231,1,1,0,0,0,0,0,0
232,1,0,0,1,1,0,1,1
233,0,0,1,0,0,1,1,1
234,0,1,0,0,0,1,1,1
235,1,0,1,0,0,1,1,1
236,1,0,1,0,0,0,1,1
237,0,1,1,0,1,0,0,1
238,0,1,1,0,1,0,0,1
239,0,1,0,1,0,0,0,1
240,1,0,0,1,1,0,1,0
241,0,1,0,0,0,0,0,0
242,0,0,1,0,1,1,1,1
243,1,1,0,0,1,0,0,1
244,0,1,0,0,0,0,1,1
245,1,1,1,1,0,1,1,0
246,1,0,1,0,0,1,0,1
247,0,1,1,1,1,1,0,1
248,1,1,1,0,0,0,1,0
249,0,0,0,1,0,1,1,1
250,0,0,1,0,1,1,0,1
251,0,1,1,0,1,0,0,0
252,0,1,0,0,0,1,0,1
253,0,0,0,1,1,0,1,1
254,0,0,1,1,0,1,0,0
255,0,1,1,0,1,0,0,1
256,1,0,0,1,0,0,1,1
257,1,1,0,1,1,0,0,1
258,0,1,0,0,0,0,1,0
259,1,0,0,1,1,0,0,1
260,1,0,1,0,0,1,0,0
261,1,0,0,0,0,0,0,0
262,0,0,0,1,1,1,1,0
263,1,0,0,1,1,0,1,0
264,1,0,1,1,0,1,0,1
265,1,0,0,1,1,0,0,1
266,1,1,0,0,0,1,0,0
267,1,0,0,0,1,0,0,0
268,1,1,0,0,0,0,1,0
269,0,0,0,0,0,1,1,1
270,1,0,1,0,1,0,0,0
271,0,0,1,0,0,0,0,0
272,1,1,0,0,1,0,1,1
273,1,0,0,1,0,1,1,0
274,1,0,0,1,1,0,1,1
275,1,1,0,0,1,0,1,1
276,0,0,0,0,1,1,0,1
277,1,0,1,1,0,0,1,1
278,1,1,1,0,0,1,1,1
279,1,0,1,1,1,1,1,0
280,0,1,1,0,0,0,0,1
281,1,1,0,0,0,0,1,0
282,0,0,0,0,1,0,0,1
283,1,1,0,0,0,1,1,1
284,0,0,1,0,1,1,0,0
285,1,1,0,0,0,0,1,1
286,0,0,0,1,0,0,1,1
287,1,1,0,1,0,1,0,0
288,0,0,0,0,1,1,1,1
289,1,0,1,1,1,1,0,0
290,0,1,0,0,1,0,1,0
291,0,0,0,0,1,0,0,1
292,0,1,1,1,0,1,1,1
293,1,1,0,1,1,1,1,1
294,1,1,1,1,1,1,0,0
295,0,1,1,0,1,1,1,1
296,0,0,1,0,1,0,1,0
297,0,0,0,1,0,0,0,1
298,1,0,0,1,1,0,1,0
299,1,0,0,0,0,1,1,0
300,1,0,0,1,1,1,1,0
301,1,0,0,1,1,0,1,1
302,1,0,1,0,1,0,0,1
303,1,0,0,0,0,1,0,0
304,0,1,1,1,0,1,0,0
305,0,1,1,1,1,1,1,0
306,0,0,0,1,0,1,0,1
307,0,1,0,1,0,1,0,1
308,1,1,0,1,0,1,0,1
309,1,1,0,1,1,1,0,0
310,0,0,1,1,0,0,0,0
311,0,1,1,1,1,0,0,0
312,1,0,1,0,0,0,1,0
313,0,1,1,1,0,1,0,0
314,1,0,0,1,0,0,0,1
315,1,1,0,0,0,0,0,0
316,1,1,1,1,0,0,1,1
317,0,0,1,1,0,0,1,0
318,0,0,1,0,1,0,1,1
319,1,0,0,0,0,1,0,1
320,1,1,1,1,0,0,0,1
321,0,1,0,1,0,0,0,1
322,1,1,1,1,0,0,0,1
323,1,1,0,1,0,0,1,0
324,0,0,0,0,1,0,0,1
325,1,1,0,0,0,1,0,1
326,0,0,0,1,1,0,1,1
327,0,0,1,1,0,0,1,1
328,1,0,0,1,0,0,1,1
329,0,0,1,1,0,0,1,0
330,0,0,0,0,0,0,1,0
331,0,1,0,0,0,0,1,1
332,0,0,1,0,1,1,0,0
333,1,1,1,0,1,1,0,0
334,0,0,0,0,0,1,1,0
335,1,1,1,0,0,0,1,0
336,1,0,1,0,1,0,1,0
337,1,1,1,1,0,1,1,0
338,0,0,0,0,0,0,1,0
339,1,1,0,0,0,1,1,0
340,0,0,0,0,0,1,1,0
341,1,1,1,0,0,1,1,0
342,1,1,1,0,1,0,0,0
343,1,1,0,0,0,1,1,1
344,1,0,1,0,1,0,1,1
345,1,1,1,1,0,0,0,0
346,1,0,1,1,1,0,1,1
347,1,1,1,1,0,0,1,1
348,0,1,0,1,0,1,0,0
349,1,0,0,0,1,1,1,1
350,1,1,0,0,1,1,0,1
351,1,0,1,1,1,0,1,1
352,1,1,0,1,1,1,1,0
353,0,1,0,1,0,0,0,0
354,0,1,0,1,0,1,1,1
355,1,1,1,1,0,0,1,0
356,0,0,0,1,0,1,0,1
357,1,0,0,1,1,1,0,0
358,1,0,0,1,1,1,0,1
359,1,1,0,0,1,1,1,0
360,1,0,1,1,0,1,1,0
361,0,0,0,0,1,0,1,0
362,0,0,0,1,0,0,0,1
363,0,0,0,1,1,0,1,0
364,1,0,1,0,1,0,1,0
365,1,1,0,1,0,0,1,1
366,1,0,1,1,1,0,1,1
367,0,1,1,0,0,1,1,1
368,0,1,1,1,0,1,1,0
369,1,1,0,1,1,1,0,1
370,1,1,0,0,1,0,1,1
371,1,0,0,0,1,1,1,1
372,0,1,0,0,0,0,0,1
373,1,0,1,1,0,0,0,0
374,0,1,0,1,1,0,1,0
375,0,1,0,0,0,1,1,1
376,0,0,0,0,0,0,1,1
377,0,1,0,0,1,1,1,0
378,1,0,0,1,1,1,1,0
379,1,1,1,1,0,1,0,1
380,1,1,1,0,1,0,1,1
381,1,0,1,1,0,1,0,0
382,1,0,0,0,1,1,0,0
383,1,0,0,0,1,0,1,1
384,0,0,1,0,1,1,1,0
385,1,0,0,0,0,1,0,1
386,0,0,1,1,0,0,0,1
387,0,0,0,1,1,1,1,1
388,0,0,0,0,0,0,1,0
389,0,1,1,0,1,1,1,1
390,1,0,0,1,1,1,1,1
391,0,0,1,1,0,1,0,1
392,0,1,1,0,0,1,1,0
393,0,0,0,0,0,1,1,1
394,0,1,1,1,0,0,0,1
395,1,1,1,0,0,1,1,1
396,0,1,0,0,0,1,0,1
397,0,0,1,0,1,1,0,1
398,1,1,1,1,1,0,1,1
399,1,1,0,1,1,1,1,1
400,0,1,0,0,1,1,0,0
401,1,1,0,1,0,0,1,1
402,0,0,0,1,0,0,0,0
403,0,1,0,0,1,0,0,0
404,1,1,1,0,0,0,1,1
405,1,0,0,0,0,1,0,1
406,1,0,0,0,0,0,0,0
407,1,1,0,1,1,1,0,0
408,0,1,1,0,0,0,1,0
409,0,1,0,0,0,1,0,0
410,1,0,0,0,0,1,0,1
411,1,1,0,1,0,0,0,0
412,1,0,0,0,1,1,0,1
413,1,0,1,0,1,0,1,1
414,1,0,0,0,1,0,1,1
415,1,1,1,0,0,1,0,1
416,1,0,0,0,0,0,1,1
417,1,0,1,0,1,1,1,1
418,0,1,1,0,0,0,0,1
419,0,0,0,1,1,0,0,1
420,0,1,0,0,1,0,0,0
421,0,1,0,1,0,1,0,1
422,0,0,1,0,0,1,1,1
423,1,1,1,0,0,0,0,0
424,0,1,0,0,1,0,1,1
425,1,1,1,0,0,0,0,0
426,1,0,1,0,1,0,0,0
427,1,1,1,0,1,0,0,1
428,0,1,1,0,0,0,1,0
429,1,0,1,1,0,1,1,0
430,0,0,0,0,0,1,1,0
431,1,0,0,0,0,1,0,0
432,0,1,0,1,1,1,0,1
433,1,0,0,0,0,0,1,0
434,1,1,0,1,1,1,0,0
435,1,0,1,1,1,1,1,0
436,1,0,0,1,0,1,0,0
437,1,1,0,1,0,1,0,0
438,1,0,0,1,0,1,0,0
439,1,1,1,0,0,1,0,1
440,1,0,0,1,1,1,1,1
441,0,0,1,0,0,0,1,0
442,1,1,0,0,0,1,1,0
443,0,1,1,1,1,1,1,0
444,1,1,1,0,1,0,0,0
445,1,0,0,0,1,0,1,0
446,0,0,1,1,0,1,1,0
447,1,0,0,1,1,0,0,1
448,0,1,1,0,1,1,0,0
449,0,0,1,0,0,0,1,0
450,1,0,1,0,0,0,1,0
451,1,1,0,0,1,0,1,0
452,0,0,1,0,1,0,1,0
453,1,0,0,1,0,1,0,1
454,1,1,1,1,0,1,0,0
455,0,0,0,0,0,0,1,1
456,1,0,0,0,0,1,0,1
457,1,0,0,1,0,0,1,0
458,0,0,0,0,1,0,0,0
459,0,0,0,1,0,1,1,1
460,0,0,1,1,1,0,1,1
461,0,0,0,1,0,1,0,0
462,1,1,0,1,0,0,1,1
463,0,1,1,1,1,1,0,1
464,0,0,0,1,1,0,0,0
465,1,0,0,1,0,0,0,1
466,1,0,1,1,1,0,1,0
467,1,1,0,1,0,0,0,1
468,1,0,0,0,1,1,1,0
469,1,0,0,1,1,1,1,1
470,0,0,0,1,0,1,0,1
471,0,1,0,0,1,1,1,0
472,0,1,0,0,0,1,1,0
473,0,1,0,1,0,0,1,0
474,1,1,0,1,1,1,1,1
475,1,1,1,1,1,1,1,1
476,0,1,0,1,0,1,1,0
477,1,1,1,0,1,0,0,1
478,1,1,1,0,0,0,0,1
479,1,0,1,1,1,1,0,1
480,1,0,1,0,0,1,1,1
481,0,1,0,1,1,1,0,1
482,1,1,1,0,0,0,0,1
483,1,1,1,1,0,1,1,1
484,0,0,0,0,0,1,1,0
485,1,1,0,0,0,0,0,0
486,1,1,0,1,1,0,1,1
487,0,0,1,0,1,1,0,1
488,1,1,1,1,1,0,0,0
489,1,0,1,1,1,0,1,1
490,1,0,1,0,1,1,0,0
491,1,0,1,0,1,1,1,0
492,0,0,1,1,0,0,1,1
493,1,0,1,1,0,0,0,0
494,0,0,0,0,1,0,0,1
495,1,1,0,0,0,0,1,0
496,0,1,1,1,1,1,1,1
497,0,1,1,0,1,0,1,0
498,1,0,0,0,1,1,1,0
499,1,1,1,1,1,0,1,0
500,0,1,1,1,0,0,1,1
501,0,0,0,0,1,1,0,0
502,0,0,0,0,0,0,0,0
503,0,0,0,0,1,0,1,1
504,1,1,0,1,1,1,1,1
505,1,0,0,1,0,0,0,1
506,1,1,1,0,0,0,0,1
507,0,1,1,1,1,1,0,1
508,0,0,0,1,0,0,1,0
509,1,1,1,1,0,1,0,1
510,0,0,0,1,0,1,0,0
511,0,1,0,1,1,0,1,0
512,0,0,1,0,1,0,0,1
513,1,0,0,0,1,1,1,1
514,1,1,1,1,1,0,1,1
515,0,0,0,1,0,1,1,1
516,0,0,1,0,0,1,0,0
517,0,1,1,0,0,1,0,1
518,1,0,0,1,1,1,0,0
519,1,0,1,0,1,1,0,1
520,0,0,1,1,1,0,0,1
521,0,1,0,0,0,0,1,1
522,1,0,0,0,1,1,0,1
523,1,1,1,0,1,1,1,0
524,0,0,1,0,0,0,0,0
525,1,1,0,0,1,0,1,1
526,1,1,0,0,0,0,0,1
527,1,1,1,0,1,1,1,1
528,1,0,0,0,1,0,0,0
529,1,1,0,1,1,0,1,1
530,0,0,1,0,1,0,0,0
531,1,0,0,1,0,0,0,1
532,0,0,1,0,0,0,1,0
533,1,0,0,1,0,1,1,1
534,1,0,1,1,0,1,1,1
535,0,0,1,0,0,0,1,1
536,1,0,0,1,0,1,0,0
537,0,0,1,1,1,1,1,1
538,0,1,1,0,0,1,0,0
539,0,1,0,0,1,0,0,1
540,0,1,0,0,1,1,0,1
541,0,1,0,1,0,0,0,1
542,0,0,0,0,0,0,1,1
543,1,0,0,1,1,1,0,0
544,0,0,1,1,1,1,0,0
545,1,1,1,0,0,0,1,1
546,0,1,0,0,1,0,0,0
547,1,0,0,1,1,0,1,0
548,1,1,0,1,1,0,0,0
549,0,0,1,1,0,0,0,0
550,0,1,1,1,1,1,0,1
551,1,1,1,0,0,0,1,1
552,1,1,0,1,0,0,1,0
553,0,0,0,1,0,0,1,1
554,1,1,0,1,1,0,1,0
555,0,1,1,1,0,0,1,0
556,1,1,0,1,0,0,0,0
557,0,1,1,0,1,1,1,0
558,1,1,0,1,0,0,1,1
559,1,0,0,1,1,1,0,0
560,1,0,1,0,1,0,0,0
561,0,1,1,0,0,0,1,0
562,1,0,1,1,1,0,0,0
563,0,0,0,0,1,0,0,1
564,1,1,1,0,0,1,0,1
565,0,0,0,1,0,0,1,1
566,1,1,0,1,1,0,0,1
567,1,0,1,0,0,1,1,1
568,1,1,1,1,1,1,0,1
569,1,1,1,0,0,0,0,0
570,0,0,0,0,1,1,0,0
571,0,1,0,0,1,0,0,0
572,1,1,0,1,1,0,1,1
573,0,0,0,0,0,0,0,0
574,1,0,0,0,1,1,1,1
575,0,0,0,0,0,1,1,1
576,0,1,1,0,1,1,0,1
577,1,1,0,1,0,0,1,0
578,0,1,1,1,1,0,1,1
579,1,0,0,0,1,1,1,1
580,0,0,1,0,1,0,0,0
581,1,0,0,1,1,0,0,0
582,1,1,1,1,0,0,1,0
583,0,1,0,1,1,1,1,0
584,0,0,1,1,0,1,0,0
585,0,0,0,0,0,0,0,0
586,0,0,0,0,0,0,0,0
587,0,1,1,1,1,0,0,1
588,1,0,1,0,1,1,1,1
589,0,1,1,0,1,0,0,1
590,0,1,0,1,1,1,0,0
591,1,0,1,0,0,1,0,1
592,0,1,1,0,1,0,0,1
593,0,0,0,0,0,1,0,1
594,0,1,1,1,1,0,0,1
595,0,1,1,0,0,1,0,1
596,1,1,0,1,1,1,1,0
597,0,0,1,0,0,1,1,0
598,0,1,1,0,1,1,1,1
599,0,1,0,1,1,0,1,1
600,1,0,1,0,0,0,1,0
601,1,1,0,0,1,0,1,0
602,0,1,0,0,1,1,1,0
603,0,1,0,0,1,1,0,0
604,1,1,1,0,0,0,0,1
605,1,0,0,1,1,1,1,1
606,0,1,0,1,1,0,1,0
607,1,0,1,1,0,1,1,0
608,1,1,0,0,1,1,1,0
609,0,0,0,0,0,1,1,0
610,1,1,1,0,0,0,0,1
611,1,0,1,0,0,1,1,1
612,1,0,0,0,1,1,1,1
613,1,0,0,1,0,1,0,1
614,1,1,0,1,1,0,1,1
615,1,1,0,0,0,1,0,1
616,1,1,0,0,1,0,1,0
617,1,1,0,0,0,0,0,1
618,1,0,1,1,1,0,1,1
619,1,1,0,1,1,1,0,1
620,1,0,0,1,1,1,1,0
621,1,1,0,0,1,0,0,1
622,0,0,1,1,0,0,0,0
623,0,1,1,0,1,0,0,1
624,0,1,0,1,0,0,0,1
625,1,0,1,0,1,1,1,1
626,1,0,1,0,0,0,1,1
627,1,1,0,0,0,1,0,1
628,1,1,0,0,0,0,1,0
629,0,1,0,1,1,1,0,1
630,0,1,1,1,0,0,1,1
631,1,0,0,1,1,0,1,0
632,1,1,1,1,1,0,1,0
633,1,0,1,0,0,1,0,1
634,1,0,0,1,1,1,1,0
635,1,0,0,0,1,0,0,1
636,0,0,1,0,1,1,0,1
637,1,1,0,0,0,1,1,1
638,0,0,1,1,1,0,0,1
639,1,0,0,0,1,0,0,0
640,1,1,1,1,1,0,1,1
641,1,0,0,0,0,1,1,0
642,0,0,1,0,1,1,1,1
643,0,1,0,1,1,1,1,1
644,1,0,1,1,1,1,1,0
645,0,0,0,0,0,1,0,1
646,1,1,0,1,1,0,1,1
647,1,0,0,1,0,0,0,1
648,1,1,0,0,0,0,1,1
649,0,1,0,1,1,1,0,1
650,1,1,0,1,1,1,1,0
651,0,1,0,0,0,1,0,0
652,1,0,0,1,0,1,0,0
653,1,0,1,0,0,1,0,0
654,1,1,1,0,0,0,1,0
655,1,0,0,0,1,0,1,0
656,1,1,1,0,0,1,1,1
657,1,1,0,1,0,0,0,0
658,1,1,1,1,1,1,1,0
659,1,0,0,0,0,1,1,0
660,1,0,0,0,1,0,0,0
661,0,1,0,1,1,0,0,1
662,1,0,0,1,0,1,1,0
663,1,0,1,1,1,0,0,0
664,0,0,1,1,0,1,1,1
665,1,1,1,0,1,0,0,1
666,1,0,0,1,1,0,0,0
667,1,0,1,1,0,1,0,1
668,1,0,1,0,0,1,0,0
669,0,1,1,1,1,0,0,0
670,0,1,1,1,1,1,0,0
671,0,0,1,0,1,1,0,1
672,1,1,0,0,1,0,0,1
673,1,1,1,0,0,1,1,0
674,1,1,0,1,1,0,1,0
675,1,0,0,1,0,1,0,1
676,0,0,1,0,1,1,1,0
677,0,0,0,1,1,1,0,1
678,0,0,1,0,0,0,0,0
679,0,1,0,0,1,0,1,1
680,1,1,1,1,1,1,1,1
681,1,0,0,0,0,1,1,1
682,0,0,1,0,1,0,0,0
683,1,0,1,0,1,1,1,1
684,0,1,1,0,1,1,0,0
685,1,0,1,1,1,0,0,1
686,1,0,0,0,1,0,1,1
687,1,1,1,1,0,1,0,1
688,0,1,1,0,1,0,0,1
689,1,0,1,1,1,0,1,1
690,1,1,1,0,0,0,0,1
691,1,0,0,0,0,1,1,1
692,1,1,0,1,1,1,1,0
693,1,0,1,0,1,1,0,0
694,0,0,0,1,1,1,0,1
695,1,1,0,1,1,1,0,1
696,1,1,1,1,0,0,0,0
697,0,0,0,0,0,0,1,0
698,0,0,1,0,1,1,1,0
699,1,1,1,0,1,0,1,0
700,1,1,1,0,1,1,1,1
701,1,0,1,0,0,1,1,1
702,0,0,1,0,0,0,1,0
703,1,1,1,1,1,0,0,0
704,1,0,1,0,1,1,1,1
705,1,1,0,1,0,1,1,0
706,0,0,1,1,0,1,0,1
707,1,0,1,1,1,1,1,1
708,0,0,0,0,1,1,1,0
709,1,1,1,0,1,1,0,0
710,0,1,1,0,0,0,0,1
711,0,1,0,0,0,0,0,0
712,0,0,0,0,1,0,0,0
713,1,0,0,1,0,1,0,1
714,1,0,1,1,1,1,1,1
715,0,0,0,0,0,0,0,0
716,1,1,1,1,0,1,0,1
717,1,1,1,1,0,0,0,1
718,1,0,1,0,0,1,0,1
719,0,1,0,1,1,0,0,1
720,0,0,0,0,1,0,0,0
721,1,0,1,0,0,1,0,1
722,1,0,0,0,1,1,0,1
723,0,1,1,1,0,0,1,0
724,0,1,1,0,1,0,0,1
725,1,1,1,0,1,1,0,0
726,0,1,1,0,1,0,0,0
727,1,0,0,0,1,1,1,1
728,0,0,1,0,0,1,1,1
729,0,1,0,1,1,1,1,0
730,1,1,1,0,0,0,0,1
731,1,1,0,0,1,0,0,0
732,0,1,0,1,0,0,1,1
733,1,1,1,1,0,0,0,1
734,1,1,1,0,1,1,1,0
735,1,0,1,1,0,1,0,1
736,1,0,1,0,0,1,0,0
737,0,1,1,0,1,1,1,1
738,1,0,1,1,0,1,0,0
739,0,1,1,1,1,0,0,0
740,1,1,0,0,1,1,1,0
741,1,1,0,1,0,1,0,0
742,0,0,0,1,0,0,0,1
743,0,0,1,0,1,0,1,1
744,1,0,1,1,0,0,1,1
745,1,0,1,0,1,1,1,1
746,1,1,0,1,0,1,0,1
747,0,1,0,0,0,1,0,0
748,0,0,1,1,0,1,1,1
749,1,0,0,0,0,1,1,0
750,1,0,1,0,1,0,1,1
751,1,0,1,1,1,0,1,1
752,1,1,1,0,0,1,0,0
753,1,0,1,1,1,0,0,0
754,0,0,0,1,0,1,0,0
755,1,1,1,0,1,1,1,1
756,0,1,1,1,1,0,0,0
757,1,1,0,0,1,1,1,1
758,1,0,0,1,1,0,0,0
759,0,0,0,0,0,1,0,0
760,1,0,1,0,1,1,0,1
761,1,1,1,1,0,1,0,1
762,1,1,1,0,1,1,0,1
763,0,1,0,0,0,0,1,1
764,0,0,0,1,0,0,0,0
765,1,0,1,0,0,0,1,0
766,1,0,0,0,0,1,1,1
767,1,0,1,0,1,0,1,0
768,0,0,0,0,1,1,1,1
769,0,1,0,0,0,0,1,1
770,1,0,1,0,1,0,1,0
771,1,0,1,0,0,0,1,1
772,1,0,1,0,0,1,1,0
773,1,0,0,1,1,0,0,0
774,0,0,0,1,1,1,1,0
775,1,1,0,1,0,1,1,1
776,1,0,0,0,0,0,0,1
777,0,1,1,0,0,0,0,0
778,1,1,0,1,0,1,1,1
779,1,0,1,1,0,1,1,1
780,0,0,0,0,0,0,0,0
781,1,1,1,1,0,1,0,1
782,1,1,1,1,1,0,1,0
783,0,1,0,1,1,0,1,1
784,1,0,1,1,1,0,0,1
785,0,0,0,0,1,1,1,0
786,1,1,0,1,0,0,0,1
787,0,1,1,1,0,1,0,0
788,1,1,0,0,0,0,1,0
789,1,1,0,0,1,0,0,1
790,0,1,0,0,0,0,0,0
791,1,0,1,1,1,1,0,1
792,0,1,0,0,1,1,0,1
793,0,0,0,0,1,1,0,0
794,0,1,1,0,0,0,1,0
795,1,1,0,1,1,1,1,0
796,1,0,0,0,1,1,0,0
797,0,1,1,0,0,0,0,1
798,0,0,0,1,1,1,0,1
799,0,1,1,0,0,0,0,1
800,1,0,0,1,1,0,1,0
801,0,1,0,1,1,0,1,1
802,1,1,0,1,1,0,0,1
803,1,0,1,0,1,0,0,1
804,0,0,0,0,1,0,1,1
805,1,1,0,1,1,0,0,0
806,0,0,0,0,1,0,0,0
807,0,0,0,1,1,1,0,0
808,0,0,0,1,0,0,1,1
809,1,1,1,0,0,0,0,0
810,0,0,0,0,1,0,0,1
811,0,0,0,0,1,1,0,0
812,1,1,1,1,0,1,0,0
813,1,0,1,0,0,0,1,1
814,1,0,0,0,1,0,1,1
815,1,1,0,1,1,1,1,1
816,0,1,0,0,1,0,1,0
817,0,0,0,0,0,1,0,0
818,0,1,0,1,0,1,1,0
819,0,0,0,0,1,0,1,0
820,0,1,0,0,0,0,1,0
821,0,1,0,0,1,0,0,1
822,1,0,0,1,0,0,0,0
823,0,1,1,1,0,0,1,0
824,0,0,1,1,0,1,1,1
825,1,1,0,0,1,0,1,0
826,0,0,1,1,1,1,1,0
827,1,0,0,0,0,0,0,1
828,1,1,1,1,1,0,1,0
829,1,1,1,1,1,1,1,0
830,1,0,1,0,1,0,0,1
831,0,0,0,1,1,0,1,0
832,0,0,1,1,0,0,1,1
833,1,0,0,0,0,1,0,0
834,1,0,0,0,1,0,1,1
835,1,0,1,0,0,0,0,1
836,1,0,0,0,0,0,0,0
837,1,0,0,1,1,1,1,1
838,1,0,1,0,0,0,0,0
839,0,0,1,0,1,1,0,1
840,0,1,0,1,1,0,0,0
841,1,1,1,0,1,1,0,0
842,1,1,0,0,0,0,1,0
843,0,0,0,0,0,1,1,0
844,1,0,0,0,0,1,0,1
845,1,1,0,0,1,1,1,0
846,0,0,0,1,1,0,1,0
847,0,1,0,1,0,0,1,1
848,1,1,0,1,0,0,1,0
849,1,0,1,0,1,0,1,1
850,1,0,1,1,0,1,1,1
851,1,1,1,1,0,1,1,0
852,1,1,0,1,1,1,1,0
853,1,1,0,1,1,1,0,1
854,1,1,0,0,1,1,1,0
855,1,1,0,1,0,1,0,1
856,1,0,0,0,1,1,1,1
857,1,1,0,1,0,0,1,1
858,0,1,0,1,1,0,1,0
859,1,0,0,0,0,1,0,0
860,1,0,0,0,0,0,1,1
861,1,1,0,1,0,1,0,0
862,1,0,0,1,1,1,0,0
863,0,0,0,0,1,0,1,1
864,0,1,0,1,1,0,1,0
865,0,0,1,0,1,1,1,0
866,0,1,1,1,0,1,1,1
867,0,1,0,0,1,1,0,1
868,1,0,0,1,0,0,0,1
869,1,1,1,0,1,1,0,0
870,0,0,0,1,1,0,1,1
871,1,0,1,0,1,1,0,0
872,0,0,1,1,0,0,0,1
873,0,1,0,1,0,1,0,0
874,1,0,1,1,1,0,1,1
875,1,1,1,0,1,1,0,0
876,0,1,0,0,0,0,1,1
877,1,1,1,1,0,1,0,1
878,1,1,1,1,0,1,1,1
879,1,0,0,0,0,0,1,0
880,1,0,0,1,0,0,0,0
881,0,0,0,0,0,0,1,0
882,0,0,1,1,0,1,0,0
883,0,0,0,1,1,0,0,1
884,1,1,1,1,1,1,1,0
885,0,1,1,0,0,1,0,1
886,0,0,0,0,0,1,1,1
887,0,0,1,1,0,0,1,0
888,1,0,0,1,1,0,1,1
889,1,0,0,1,1,0,1,0
890,0,1,1,0,0,0,1,1
891,1,1,0,1,0,0,0,1
892,1,0,0,1,1,0,1,1
893,1,0,0,0,0,0,1,1
894,1,1,0,0,0,1,1,0
895,1,1,0,0,1,0,1,1
896,1,0,0,0,1,0,1,1
897,1,1,1,1,0,1,1,0
898,1,1,1,0,1,1,1,1
899,1,1,1,0,1,1,0,0
900,1,1,0,0,0,0,0,0
901,1,0,1,0,1,1,0,1
902,1,1,0,0,1,1,1,1
903,1,0,1,0,0,1,1,1
904,1,0,0,0,1,0,0,0
905,1,0,1,0,0,1,1,1
906,1,1,1,0,0,1,1,1
907,1,0,0,0,0,0,0,1
908,1,0,0,0,0,1,0,0
909,1,1,1,0,0,0,0,1
910,0,0,1,1,1,0,0,0
911,0,1,0,1,0,0,1,1
912,1,0,1,1,1,0,0,1
913,1,1,1,0,1,1,1,1
914,0,1,0,1,1,0,1,1
915,0,1,0,0,0,0,0,0
916,1,1,0,0,0,0,1,0
917,0,0,0,1,1,1,0,0
918,1,0,0,1,1,1,0,1
919,0,0,1,0,0,1,0,0
920,0,1,0,0,0,0,0,1
921,0,0,1,1,1,1,1,0
922,1,1,1,1,0,0,1,1
923,1,0,0,1,0,1,1,0
924,1,0,0,0,0,1,1,0
925,1,1,0,0,0,0,0,1
926,1,1,1,0,1,0,0,1
927,1,0,1,1,1,1,1,0
928,1,1,1,0,0,1,0,1
929,0,1,0,1,0,0,0,0
930,1,0,1,0,0,1,0,0
931,1,0,1,0,1,1,0,0
932,1,0,1,1,0,0,1,1
933,0,1,0,0,0,0,0,1
934,1,1,1,1,1,0,0,1
935,0,1,0,1,0,0,1,0
936,0,0,1,0,1,0,1,1
937,0,1,0,1,1,0,0,0
938,1,0,1,0,0,0,1,0
939,1,0,0,0,0,1,0,1
940,0,0,0,0,0,1,1,0
941,1,1,1,1,1,0,0,0
942,1,0,0,0,0,1,0,1
943,0,1,1,0,1,1,1,0
944,1,1,1,0,0,0,1,0
945,1,1,1,1,0,1,1,1
946,1,1,0,0,1,1,1,1
947,0,0,0,0,0,0,0,0
948,1,0,1,1,1,1,0,0
949,1,1,1,0,1,0,0,0
950,0,1,0,1,0,0,0,1
951,0,0,1,1,1,0,1,0
952,1,1,0,0,0,1,1,1
953,0,1,1,1,1,0,1,1
954,1,0,0,1,0,0,0,1
955,0,1,1,0,0,1,0,1
956,0,0,0,0,0,1,0,0
957,0,0,1,0,0,1,0,0
958,1,1,1,0,0,0,0,0
959,1,0,0,0,1,0,1,1
960,0,1,0,1,0,1,1,0
961,0,0,0,0,0,1,0,0
962,0,0,0,1,0,1,0,0
963,0,0,1,0,1,0,1,0
964,0,0,1,0,1,1,1,0
965,0,0,0,0,1,1,0,1
966,1,0,1,1,0,0,0,1
967,1,0,1,1,1,1,1,0
968,1,0,1,0,1,1,0,0
969,0,1,1,1,0,1,0,0
970,1,1,0,0,0,0,1,0
971,0,0,1,1,0,1,0,1
972,1,1,1,0,1,0,1,1
973,0,0,1,0,1,0,0,1
974,1,1,0,1,1,1,1,0
975,0,1,1,1,0,1,0,1
976,0,1,1,1,1,1,0,1
977,1,1,0,1,0,1,1,1
978,1,1,0,1,0,0,1,0
979,1,1,1,1,0,0,0,0
980,1,1,0,0,0,0,0,0
981,0,0,0,0,0,1,0,1
982,0,0,0,1,0,1,0,1
983,0,0,1,0,0,1,0,1
984,1,1,1,0,1,1,0,1
985,0,0,1,0,1,1,1,1
986,0,1,0,0,0,0,1,1
987,1,0,1,0,1,1,1,1
988,0,1,1,0,1,0,0,0
989,0,0,1,1,0,0,0,1
990,0,0,1,1,1,1,1,0
991,1,0,1,1,0,1,0,0
992,1,0,0,0,1,0,0,1
993,1,1,0,1,0,0,0,0
994,0,0,0,0,1,1,0,1
995,0,0,0,0,0,0,1,0
996,0,1,0,1,1,1,1,1
997,0,1,1,1,1,0,1,0
998,0,1,0,0,1,1,0,1
999,1,1,0,0,0,0,0,0
1000,1,1,1,0,1,0,0,1
1001,1,1,0,1,1,0,1,0
1002,1,0,0,0,1,1,0,0
1003,1,0,0,0,1,0,0,0
1004,1,0,0,0,1,1,1,0
1005,0,0,0,0,1,0,0,0
1006,1,0,0,0,0,1,1,1
1007,0,1,0,1,1,0,1,1
1008,1,1,0,0,0,1,0,0
1009,1,1,1,0,1,0,0,1
1010,0,1,0,1,1,1,1,0
1011,1,1,1,1,1,1,1,0
1012,1,1,1,0,0,1,0,0
1013,0,1,0,0,0,1,0,1
1014,1,1,1,0,1,1,0,0
1015,1,1,0,0,0,0,0,0
1016,1,1,1,0,1,0,1,1
1017,1,1,1,0,1,0,0,0
1018,1,1,0,0,0,0,1,1
1019,0,0,1,1,0,0,1,0
1020,1,0,0,1,1,1,1,1
1021,1,0,0,1,1,1,1,1
1022,0,1,0,1,0,1,1,0
1023,0,0,0,0,1,1,1,1
1024,1,0,0,0,0,0,1,0
1025,0,0,0,0,0,1,0,1
1026,1,0,0,0,1,1,0,1
1027,0,0,1,0,0,1,1,0
1028,0,0,1,1,0,1,1,1
1029,0,1,0,1,1,0,1,1
1030,1,1,0,0,0,0,1,0
1031,0,1,0,1,1,1,0,1
1032,1,1,0,1,0,0,1,0
1033,0,1,1,0,1,0,0,0
1034,1,1,0,0,1,1,0,0
1035,1,0,0,0,0,1,1,1
1036,1,0,1,0,0,0,0,1
1037,1,1,1,0,1,0,0,0
1038,1,1,1,0,0,0,0,0
1039,1,1,0,0,0,1,0,0
1040,0,1,0,1,0,1,0,0
1041,1,0,0,1,0,1,0,1
1042,1,0,1,0,1,1,0,0
1043,0,1,0,0,0,0,0,0
1044,0,0,0,1,0,1,0,1
1045,0,1,0,1,0,1,1,0
1046,0,1,0,0,0,0,0,1
1047,1,0,1,0,1,0,1,0
1048,0,0,0,1,0,0,1,1
1049,1,0,1,1,0,1,0,1
1050,1,1,0,0,0,0,0,0
1051,1,0,1,1,0,0,1,1
1052,1,0,1,1,0,1,0,1
1053,1,1,0,1,1,1,1,1
1054,1,1,1,1,0,1,0,0
1055,1,1,0,0,1,0,0,0
1056,1,0,0,1,1,0,0,1
1057,0,0,0,1,1,1,1,0
1058,0,1,0,1,1,1,0,1
1059,1,0,1,0,0,0,0,1
1060,0,1,1,0,1,0,0,1
1061,1,1,0,0,1,1,0,0
1062,1,0,0,1,0,0,0,1
1063,1,1,0,0,0,1,1,0
1064,1,0,0,0,1,0,0,0
1065,1,0,1,1,0,1,0,1
1066,1,0,1,1,1,1,1,0
1067,1,1,0,0,0,1,0,0
1068,0,0,0,0,1,1,0,0
1069,1,1,1,1,1,1,1,0
1070,0,1,0,1,0,1,0,0
1071,1,1,0,0,1,1,0,0
1072,0,1,1,0,0,0,0,1
1073,1,1,0,0,0,0,1,1
1074,1,1,1,0,0,0,0,1
1075,0,0,0,1,0,0,0,1
1076,1,1,0,0,0,1,0,1
1077,0,0,1,1,0,0,1,1
1078,0,1,1,1,0,0,0,1
1079,0,1,1,1,0,1,1,1
1080,1,1,1,1,0,0,0,1
1081,1,0,1,0,1,1,1,1
1082,1,0,0,1,1,0,1,1
1083,0,1,1,1,0,0,0,1
1084,0,1,1,0,0,1,0,0
1085,1,0,0,1,1,1,1,1
1086,0,1,0,1,0,0,1,1
1087,1,1,0,1,1,1,1,1
1088,1,1,0,1,1,1,1,1
1089,1,1,0,0,0,0,0,0
1090,1,0,1,1,1,1,0,1
1091,0,1,0,1,1,0,0,0
1092,1,0,0,0,1,0,0,1
1093,0,0,1,0,0,1,1,1
1094,0,0,1,1,1,1,1,0
1095,0,1,0,0,1,0,1,0
1096,1,1,0,0,1,0,0,0
1097,0,1,0,0,1,0,0,1
1098,1,1,0,1,1,1,1,1
1099,1,0,1,1,1,0,0,0
1100,0,0,0,0,0,0,0,0
1101,1,0,0,1,1,0,0,0
1102,1,0,0,0,1,1,0,0
1103,1,1,0,1,0,1,1,1
1104,1,0,1,1,1,1,0,1
1105,0,0,0,0,0,0,1,1
1106,1,1,0,0,0,0,1,0
1107,0,0,0,1,0,0,0,1
1108,1,0,1,0,1,1,1,1
1109,1,1,1,1,1,1,1,0
1110,0,1,1,0,1,1,1,0
1111,1,0,0,1,1,1,1,1
1112,1,1,1,0,1,1,0,1
1113,1,1,0,0,1,0,0,0
1114,0,1,0,1,0,0,0,1
1115,0,1,0,0,0,1,0,1
1116,1,1,0,1,1,1,0,1
1117,1,1,1,0,0,1,0,1
1118,0,0,1,0,1,0,0,1
1119,1,1,0,0,0,1,0,1
1120,0,1,1,1,0,0,0,0
1121,1,1,0,0,0,0,0,0
1122,0,1,0,0,1,0,1,0
1123,0,1,0,1,0,1,0,1
1124,0,0,1,1,0,0,1,1
1125,1,0,1,0,1,1,0,0
1126,1,1,0,0,0,1,0,1
1127,1,0,1,1,1,0,1,1
1128,1,1,0,1,0,1,1,0
1129,0,0,1,1,0,0,1,0
1130,1,0,0,0,0,1,0,0
1131,1,0,1,0,1,1,0,0
1132,1,1,0,1,1,1,1,1
1133,1,1,0,0,0,1,1,0
1134,0,1,0,0,1,1,1,1
1135,0,0,0,1,0,1,1,0
1136,0,1,0,1,1,1,1,1
1137,1,0,1,1,0,0,1,0
1138,1,0,1,1,0,0,1,1
1139,1,1,1,1,1,1,1,1
1140,0,1,1,0,0,0,0,0
1141,1,0,0,1,1,1,1,1
1142,1,0,0,0,1,1,0,0
1143,1,1,1,1,0,0,1,1
1144,1,0,0,1,0,1,0,0
1145,0,0,0,0,0,0,0,1
1146,1,0,1,1,0,1,1,0
1147,1,1,0,0,1,1,0,1
1148,0,1,0,1,1,0,0,0
1149,1,1,0,0,1,1,1,1
1150,0,0,0,0,1,1,0,1
1151,1,1,1,0,0,0,1,1
1152,0,0,0,0,1,0,0,1
1153,1,0,1,0,1,0,1,0
1154,1,1,1,1,0,1,1,1
1155,1,1,0,0,1,1,0,0
1156,1,0,1,0,0,0,0,1
1157,0,1,1,0,0,1,0,0
1158,1,0,0,1,1,1,1,0
1159,0,1,1,1,1,1,1,0
1160,0,0,0,0,1,0,1,0
1161,0,0,0,1,1,1,0,0
1162,0,1,1,1,0,1,1,0
1163,0,0,1,1,1,1,0,0
1164,1,1,1,0,0,0,1,0
1165,0,0,1,1,0,0,0,0
1166,1,1,0,0,1,0,0,0
1167,1,0,1,0,0,1,0,1
1168,1,0,1,1,1,1,1,1
1169,1,0,1,1,1,0,1,0
1170,1,0,1,1,1,0,1,1
1171,0,0,1,0,1,0,1,0
1172,0,1,1,0,1,1,0,0
1173,1,1,0,1,1,1,1,1
1174,0,1,0,1,0,0,0,0
1175,0,1,1,1,1,0,1,0
1176,0,0,1,0,1,1,0,1
1177,1,1,0,0,1,1,1,0
1178,1,0,1,1,1,0,1,0
1179,0,1,0,0,1,0,0,0
1180,0,1,0,0,0,1,1,0
1181,0,1,1,0,1,0,1,0
1182,0,0,1,1,1,1,1,0
1183,1,1,0,1,0,0,0,1
1184,0,0,0,1,0,0,0,0
1185,1,1,0,0,0,0,0,0
1186,1,1,1,0,1,0,1,0
1187,1,0,1,1,0,0,1,0
1188,0,0,0,1,0,0,0,0
1189,1,0,0,0,0,1,1,1
1190,1,1,1,1,0,0,0,1
1191,1,1,1,0,0,1,0,1
1192,1,0,0,0,1,1,0,1
1193,1,0,0,0,1,1,1,0
1194,0,1,0,0,0,1,1,0
1195,0,0,0,0,0,0,0,1
1196,1,0,1,1,1,0,1,0
1197,1,1,1,0,0,0,0,0
1198,0,0,1,0,1,0,0,0
1199,1,1,1,1,0,1,1,1
1200,0,0,0,1,0,0,1,1
1201,1,0,1,1,1,1,0,1
1202,0,0,1,0,1,0,0,1
1203,1,0,0,0,0,0,1,1
1204,1,0,1,1,0,1,0,1
1205,1,0,0,0,1,0,1,0
1206,1,0,1,0,1,0,1,0
1207,1,1,0,1,1,0,0,0
1208,0,0,0,1,1,1,1,1
1209,0,0,0,0,0,1,1,0
1210,1,0,0,1,1,1,1,0
1211,1,1,0,1,1,1,0,0
1212,1,0,0,0,1,1,1,0
1213,0,0,1,0,0,0,0,0
1214,1,1,1,1,0,1,1,0
1215,0,0,0,1,0,1,0,1
1216,1,1,0,1,0,1,0,0
1217,0,1,0,1,1,0,0,0
1218,0,1,1,0,1,1,0,1
1219,1,0,0,0,0,0,1,0
1220,1,1,0,0,1,0,0,1
1221,1,0,1,0,0,1,1,0
1222,1,1,1,0,1,1,1,1
1223,0,1,1,0,1,1,0,1
1224,1,1,0,1,1,1,1,0
1225,0,0,1,1,1,1,1,0
1226,1,0,0,0,0,0,1,0
1227,0,1,0,1,0,1,0,1
1228,0,0,1,0,0,1,0,1
1229,0,1,1,1,1,0,0,0
1230,1,1,0,0,1,1,0,1
1231,1,1,0,1,1,1,1,0
1232,1,0,1,1,1,0,1,1
1233,1,0,0,0,1,1,0,1
1234,1,0,1,0,1,0,0,0
1235,1,1,0,1,1,1,0,0
1236,1,0,0,1,1,1,0,1
1237,1,1,0,1,1,1,0,1
1238,1,0,1,0,1,1,0,1
1239,0,1,0,0,1,1,1,1
1240,1,0,0,0,1,0,0,1
1241,1,0,1,0,1,1,0,1
1242,0,0,1,1,0,0,0,1
1243,0,1,0,0,0,1,0,0
1244,1,1,0,0,1,0,1,1
1245,1,0,0,0,1,1,1,0
1246,0,0,1,1,1,0,0,0
1247,1,1,0,0,1,0,0,0
1248,1,0,0,0,0,0,0,0
1249,1,0,0,1,1,0,1,1
1250,1,1,0,1,0,0,0,0
1251,1,0,1,0,0,0,1,0
1252,0,1,1,0,0,1,0,1
1253,0,0,0,0,1,1,0,1
1254,1,1,1,1,0,1,0,0
1255,1,0,0,1,1,0,1,1
1256,0,1,0,0,1,1,0,0
1257,1,0,0,1,0,0,0,1
1258,1,1,0,1,1,0,1,0
1259,0,0,0,1,0,0,1,0
1260,1,1,0,0,0,0,1,1
1261,0,1,0,0,1,1,1,1
1262,1,1,0,0,0,1,0,1
1263,1,1,1,0,1,1,0,1
1264,1,1,1,1,0,0,0,1
1265,1,0,0,1,0,1,1,0
1266,1,0,0,1,0,0,0,1
1267,1,0,0,1,1,1,1,1
1268,1,1,0,1,1,1,0,0
1269,0,1,0,0,1,1,1,1
1270,1,1,0,0,1,1,1,0
1271,1,1,1,1,1,1,0,0
1272,0,0,1,0,0,1,0,1
1273,0,1,1,1,0,1,0,0
1274,1,0,1,0,0,1,1,1
1275,0,1,0,1,0,1,0,0
1276,0,1,1,0,1,1,1,1
1277,1,1,1,1,1,1,0,1
1278,1,0,0,0,0,0,0,0
1279,1,1,1,0,0,0,1,0
1280,0,1,0,0,1,0,1,1
1281,1,1,0,0,1,1,1,0
1282,0,1,0,0,0,0,1,0
1283,0,1,0,1,0,0,0,0
1284,0,1,1,0,0,1,1,1
1285,1,1,0,0,0,1,1,0
1286,0,1,0,1,1,0,0,0
1287,0,0,0,1,1,0,0,0
1288,0,0,1,0,0,0,1,0
1289,0,1,0,0,1,1,0,0
1290,0,1,0,1,1,0,1,0
1291,1,1,1,1,1,0,0,1
1292,0,1,1,1,1,1,1,1
1293,1,1,1,1,1,0,1,1
1294,0,1,0,0,0,0,0,0
1295,0,1,1,0,1,0,0,0
1296,1,0,0,1,1,0,0,1
1297,1,1,1,0,0,0,0,0
1298,1,0,0,1,1,1,0,0
1299,0,1,1,1,0,0,0,1
1300,0,0,1,0,0,0,1,1
1301,0,0,1,0,0,1,0,1
1302,0,1,0,0,1,0,1,0
1303,1,1,0,0,1,0,0,0
1304,1,1,1,0,0,0,1,0
1305,0,1,0,0,0,0,1,0
1306,0,1,1,0,0,0,0,1
1307,1,0,1,1,0,0,1,1
1308,0,1,0,0,1,1,1,0
1309,1,0,1,0,0,0,1,1
1310,0,1,0,1,1,1,1,0
1311,0,1,1,0,1,1,0,1
1312,0,0,1,1,0,1,0,1
1313,0,1,0,1,0,0,0,0
1314,0,1,1,1,0,1,1,1
1315,1,0,1,1,0,0,0,0
1316,1,0,0,1,1,1,0,0
1317,1,0,0,0,1,1,0,0
1318,1,0,1,0,0,0,0,1
1319,0,1,0,0,0,0,1,1
1320,1,1,1,1,0,1,0,1
1321,1,0,0,0,0,0,1,0
1322,1,0,0,0,0,0,1,0
1323,1,0,1,0,1,0,1,1
1324,0,1,0,1,0,0,1,0
1325,0,0,1,1,0,1,1,1
1326,0,1,1,0,1,1,1,0
1327,0,0,0,0,1,0,0,1
1328,0,1,1,0,1,1,1,0
1329,0,0,0,0,0,1,0,0
1330,0,1,0,0,1,1,0,0
1331,1,1,1,0,1,0,1,0
1332,0,0,0,0,1,1,0,0
1333,1,0,0,0,0,0,1,1
1334,1,1,1,1,0,0,1,1
1335,1,1,0,0,0,0,0,1
1336,1,0,0,1,0,0,1,0
1337,0,1,1,1,0,1,1,0
1338,1,1,0,0,0,1,0,1
1339,1,1,0,0,0,0,1,1
1340,0,0,0,0,1,0,1,0
1341,1,0,0,0,0,0,0,0
1342,0,1,1,0,0,0,1,1
1343,1,1,1,1,1,1,1,0
1344,0,1,0,0,1,1,1,1
1345,1,1,0,1,1,1,0,0
1346,1,0,1,1,0,0,1,0
1347,1,0,1,0,1,0,0,1
1348,1,0,0,1,0,1,1,1
1349,0,0,1,1,1,1,1,0
1350,0,1,1,0,0,1,0,1
1351,0,0,0,0,0,0,1,1
1352,0,1,0,1,0,0,0,1
1353,1,0,1,0,0,0,1,0
1354,0,1,0,1,0,0,1,1
1355,1,1,1,0,0,1,1,0
1356,0,0,0,0,0,1,0,0
1357,0,0,0,0,0,1,1,1
1358,0,1,0,0,1,0,0,0
1359,1,0,1,0,1,0,0,0
1360,1,1,0,1,1,0,1,1
1361,0,0,0,0,1,0,0,0
1362,0,1,0,0,0,0,1,0
1363,0,0,1,0,1,1,1,0
1364,0,1,0,1,0,1,1,1
1365,1,0,0,0,1,1,1,0
1366,1,1,1,0,1,0,1,0
1367,0,1,0,0,1,0,0,0
1368,1,1,1,1,0,1,1,1
1369,1,0,0,0,0,0,1,1
1370,1,1,0,0,1,0,0,0
1371,1,0,0,1,1,0,0,1
1372,0,0,0,0,0,0,0,0
1373,0,1,0,0,1,1,0,1
1374,0,0,0,0,0,0,1,0
1375,0,1,1,1,1,1,0,1
1376,1,1,1,0,1,0,1,0
1377,1,1,0,1,1,0,1,0
1378,1,0,1,0,1,0,0,0
1379,1,1,0,0,0,0,0,0
1380,1,1,0,0,1,0,1,0
1381,1,0,1,0,1,0,1,1
1382,0,0,0,1,1,1,0,0
1383,1,0,0,0,1,1,0,1
1384,1,1,1,1,1,0,0,0
1385,1,1,0,0,1,1,1,0
1386,0,1,0,0,1,0,0,1
1387,1,0,0,0,0,0,0,1
1388,1,0,1,0,1,1,1,0
1389,0,0,1,1,1,0,1,0
1390,1,1,0,1,0,0,0,0
1391,0,1,0,1,1,1,0,1
1392,1,0,1,0,1,1,0,1
1393,1,0,0,0,0,0,0,0
1394,0,0,1,1,0,1,1,1
1395,0,1,1,0,1,0,1,1
1396,0,0,0,1,0,0,0,1
1397,0,0,1,0,0,0,0,1
1398,1,1,1,1,0,1,1,0
1399,1,0,0,1,1,1,0,0
1400,0,1,0,1,0,1,1,0
1401,0,1,0,0,0,1,0,0
1402,1,1,0,1,0,0,1,1
1403,1,1,0,0,0,1,0,0
1404,1,0,0,1,1,0,1,0
1405,0,0,1,1,1,0,1,0
1406,1,0,0,1,0,1,1,0
1407,1,1,0,1,0,0,0,1
1408,0,0,0,0,0,0,0,0
1409,1,1,1,0,1,1,1,1
1410,1,1,0,0,1,1,0,1
1411,0,1,0,1,1,0,0,0
1412,1,1,1,0,0,0,1,0
1413,1,0,1,0,1,1,1,1
1414,1,1,0,0,0,1,0,0
1415,1,1,0,1,0,0,1,1
1416,0,1,1,1,1,1,1,1
1417,0,0,0,0,1,0,0,1
1418,0,0,1,0,0,0,0,0
1419,0,0,1,0,1,0,0,0
1420,1,1,0,0,0,0,0,0
1421,0,0,1,0,0,1,0,1
1422,0,1,0,1,0,1,0,0
1423,0,0,0,1,0,0,1,1
1424,1,0,0,1,1,1,0,1
1425,1,0,0,0,1,0,0,0
1426,1,1,1,0,0,0,0,0
1427,1,1,1,0,1,1,0,1
1428,0,1,1,0,1,1,1,0
1429,0,0,0,0,1,1,1,1
1430,1,0,1,1,1,1,1,0
1431,0,0,1,0,0,0,0,0
1432,0,1,1,1,0,1,1,1
1433,1,1,1,0,1,0,1,0
1434,1,1,0,0,1,0,0,1
1435,0,1,1,0,0,0,0,1
1436,0,1,0,1,0,1,1,0
1437,0,1,1,0,0,0,0,0
1438,1,1,0,0,0,1,1,0
1439,1,0,0,0,0,0,0,1
1440,0,0,1,1,0,0,1,0
1441,0,1,0,0,1,0,1,1
1442,1,1,1,1,0,1,0,0
1443,0,0,1,1,0,0,1,1
1444,1,1,0,1,0,1,0,0
1445,1,1,1,1,1,0,1,1
1446,1,1,1,1,0,1,1,0
1447,0,1,0,1,1,1,1,1
1448,1,0,0,1,0,1,0,1
1449,1,1,0,0,1,0,1,0
1450,1,0,0,1,0,0,0,1
1451,1,1,1,0,0,1,1,0
1452,1,0,0,0,0,1,0,0
1453,1,1,0,0,1,0,1,1
1454,1,0,1,0,1,0,1,1
1455,0,0,0,0,0,1,1,0
1456,0,1,0,0,1,0,1,0
1457,0,0,0,0,0,0,1,0
1458,1,1,0,0,0,0,1,1
1459,1,1,1,1,0,1,1,1
1460,1,0,0,1,0,1,0,1
1461,0,1,1,0,1,0,1,0
1462,1,0,1,1,1,0,0,0
1463,0,0,0,0,0,0,0,0
1464,1,1,1,0,0,1,1,0
1465,0,1,0,1,1,1,1,1
1466,0,1,0,0,1,1,1,1
1467,0,1,1,1,1,1,1,0
1468,1,0,1,1,1,0,1,1
1469,0,0,0,0,0,0,1,0
1470,0,0,1,1,0,0,1,1
1471,1,0,1,0,0,0,1,0
1472,0,1,0,0,0,0,1,1
1473,1,1,1,0,1,1,0,0
1474,1,0,1,0,0,1,0,1
1475,0,0,0,0,1,0,0,1
1476,0,0,1,1,0,0,1,0
1477,0,0,1,0,0,1,1,1
1478,1,1,0,1,0,0,1,1
1479,1,0,0,0,0,0,0,1
1480,0,0,1,1,1,1,0,0
1481,1,0,1,1,0,0,1,0
1482,1,0,0,0,1,0,1,1
1483,1,0,0,0,1,1,1,1
1484,0,0,1,0,0,0,0,0
1485,1,0,1,0,0,0,0,1
1486,0,0,0,1,0,1,1,1
1487,0,1,1,0,1,0,1,1
1488,0,1,0,0,1,0,0,1
1489,1,1,0,0,0,1,1,1
1490,1,1,1,0,1,0,1,0
1491,0,1,0,0,0,0,1,0
1492,0,0,1,1,1,0,0,0
1493,0,0,1,0,0,1,1,1
1494,0,0,0,1,0,1,0,0
1495,1,1,0,0,1,1,0,1
1496,1,0,0,0,1,1,1,1
1497,1,0,1,0,0,0,1,0
1498,0,0,0,1,0,1,0,0
1499,0,0,0,1,0,1,0,1
1500,1,1,0,0,0,0,1,0
1501,1,0,1,1,1,1,0,0
1502,1,0,0,0,0,1,0,1
1503,0,1,0,0,0,1,0,1
1504,1,1,0,1,0,0,1,1
1505,1,0,0,1,1,0,1,0
1506,1,1,0,1,0,1,0,1
1507,1,0,1,0,0,1,0,0
1508,1,1,1,0,1,1,0,1
1509,0,0,1,1,0,0,1,0
1510,0,0,1,1,0,1,0,0
1511,0,1,0,1,1,0,1,1
1512,0,0,0,1,0,1,0,0
1513,1,0,0,0,0,1,1,0
1514,1,0,0,0,0,1,0,0
1515,1,0,0,0,0,0,1,1
1516,1,0,0,0,0,1,1,0
1517,0,1,1,0,1,1,1,1
1518,0,1,1,1,0,1,1,0
1519,1,0,0,0,0,1,1,1
1520,1,0,0,1,1,1,0,1
1521,1,0,1,1,1,0,0,0
1522,0,0,0,0,0,1,0,0
1523,1,0,0,1,1,0,1,1
1524,0,1,1,0,1,0,0,0
1525,1,1,0,1,1,1,1,0
1526,0,1,0,1,1,1,0,0
1527,1,0,0,1,1,1,0,0
1528,1,0,0,0,0,0,1,1
1529,0,1,1,1,0,1,0,0
1530,1,1,1,1,0,1,0,1
1531,0,0,0,1,0,1,1,0
1532,1,1,0,1,0,0,1,0
1533,0,0,1,0,0,1,0,1
1534,0,0,0,1,0,0,0,1
1535,1,0,1,0,1,1,1,0
1536,0,0,0,0,0,1,1,1
1537,1,0,0,1,1,1,0,1
1538,0,1,0,1,1,0,1,0
1539,1,0,1,0,1,1,0,0
1540,0,0,0,1,1,0,0,0
1541,0,0,1,1,0,1,0,1
1542,0,1,0,0,0,1,1,0
1543,1,1,0,0,0,1,0,0
1544,1,0,0,1,0,1,1,0
1545,0,0,1,1,0,1,1,0
1546,1,1,0,1,1,1,1,1
1547,0,0,1,0,0,0,0,0
1548,1,0,1,1,0,1,0,1
1549,1,1,0,0,0,1,0,1
1550,1,0,0,1,0,1,0,1
1551,0,0,1,0,1,0,1,1
1552,1,1,1,1,0,0,0,0
1553,1,0,0,1,1,1,1,0
1554,1,0,1,1,1,0,1,0
1555,0,1,0,0,0,0,1,1
1556,1,0,0,1,1,0,1,0
1557,1,0,1,1,1,1,1,1
1558,0,1,1,0,1,1,1,1
1559,1,1,0,0,0,1,0,0
1560,1,0,0,0,0,1,0,1
1561,1,1,0,0,0,1,1,1
1562,0,1,1,0,0,1,0,0
1563,1,1,1,0,0,1,1,0
1564,0,1,1,1,1,1,0,1
1565,1,1,0,0,1,1,1,0
1566,1,0,1,0,0,0,0,0
1567,1,0,0,1,1,0,1,1
1568,1,0,0,1,1,0,1,1
1569,1,0,1,0,1,1,1,1
1570,1,0,1,0,0,1,1,0
1571,1,1,0,0,1,0,0,1
1572,0,1,1,0,0,1,1,0
1573,1,0,1,1,0,0,1,0
1574,0,1,0,1,0,0,1,1
1575,1,0,0,0,1,0,0,1
1576,0,1,0,0,1,0,1,0
1577,1,0,1,0,1,0,0,1
1578,1,0,1,0,1,1,1,0
1579,1,0,0,1,0,0,1,0
1580,1,1,0,0,1,1,1,0
1581,0,1,1,1,1,0,0,0
1582,0,1,0,0,0,0,1,1
1583,1,0,1,0,0,1,1,0
1584,1,0,1,1,1,0,0,1
1585,0,0,0,1,0,1,0,1
1586,0,1,1,0,0,0,0,1
1587,0,0,0,0,1,1,0,0
1588,1,0,1,0,1,0,0,1
1589,1,0,0,1,1,1,0,0
1590,0,0,0,0,1,0,0,0
1591,1,1,0,1,1,1,1,0
1592,0,0,1,0,1,0,1,0
1593,1,0,1,1,1,1,0,0
1594,0,1,1,1,0,1,0,1
1595,0,0,0,0,0,0,0,0
1596,0,0,0,1,0,0,0,1
1597,0,0,1,0,1,1,0,1
1598,1,0,0,1,0,1,1,1
1599,1,0,0,0,0,0,0,1
1600,0,1,0,0,1,0,1,0
1601,1,0,0,1,1,0,1,0
1602,1,0,0,0,0,1,0,1
1603,1,0,0,0,0,1,0,1
1604,0,1,0,0,1,1,1,0
1605,0,1,1,1,0,0,0,1
1606,1,0,1,0,0,0,1,0
1607,1,1,0,0,0,1,0,1
1608,0,1,1,0,1,0,1,0
1609,0,1,0,0,1,0,1,0
1610,1,1,1,0,0,1,1,1
1611,1,1,1,1,0,0,0,0
1612,1,1,0,0,0,0,1,1
1613,0,0,0,0,0,1,0,1
1614,1,1,1,0,1,1,1,1
1615,1,1,0,1,0,0,1,0
1616,1,1,0,0,0,0,0,1
1617,1,1,0,1,1,1,1,0
1618,0,0,1,1,1,0,0,1
1619,1,0,0,0,1,0,0,1
1620,0,1,1,1,1,0,1,1
1621,1,0,0,1,0,0,0,0
1622,1,0,1,0,0,1,0,1
1623,1,1,0,0,1,0,0,1
1624,1,1,0,0,1,0,1,0
1625,1,1,1,0,0,0,0,1
1626,1,0,0,0,0,1,1,0
1627,0,0,0,0,0,1,1,0
1628,0,1,1,1,1,0,0,1
1629,1,0,1,1,0,1,1,0
1630,1,0,0,1,1,0,0,0
1631,0,0,1,0,1,1,0,1
1632,1,1,1,1,1,0,1,1
1633,1,0,0,1,1,1,0,1
1634,1,0,1,1,0,0,0,0
1635,0,1,0,1,0,0,0,0
1636,0,0,1,0,1,1,1,1
1637,0,1,0,0,1,0,0,0
1638,0,0,0,1,1,1,1,1
1639,0,1,0,1,0,0,0,0
1640,0,0,1,1,0,1,1,0
1641,1,1,1,1,1,0,0,1
1642,1,0,1,0,0,1,0,0
1643,0,0,1,0,0,1,0,0
1644,1,0,1,0,0,1,1,0
1645,1,1,0,1,0,0,1,1
1646,0,0,0,0,0,1,1,0
1647,1,0,0,0,0,0,1,0
1648,0,1,1,1,1,0,0,0
1649,1,0,1,1,1,1,1,0
1650,0,1,1,0,0,0,0,1
1651,1,1,1,0,0,0,1,1
1652,0,1,0,0,1,1,0,1
1653,1,1,1,1,1,1,0,1
1654,0,1,0,1,1,1,0,1
1655,0,0,0,0,1,1,0,0
1656,0,0,1,1,1,1,0,1
1657,0,1,0,1,0,0,0,0
1658,1,1,0,1,1,1,0,0
1659,0,1,0,0,0,1,0,1
1660,1,1,1,0,0,1,0,1
1661,1,1,1,1,0,0,0,1
1662,1,1,1,1,0,1,1,1
1663,0,0,0,1,1,1,0,0
1664,0,1,1,0,0,0,1,1
1665,1,0,1,1,1,0,1,0
1666,1,1,1,1,1,1,1,0
1667,1,0,0,1,1,1,1,0
1668,0,1,0,0,0,0,0,0
1669,1,0,0,0,0,0,0,0
1670,1,0,1,0,1,1,1,1
1671,0,0,1,0,1,1,1,1
1672,0,1,0,0,0,1,0,0
1673,1,1,0,1,1,0,1,0
1674,1,1,1,1,1,0,1,0
1675,0,1,1,0,0,0,1,0
1676,1,1,1,0,1,1,1,0
1677,0,1,1,1,1,1,0,0
1678,0,0,0,1,1,1,0,0
1679,0,0,0,0,1,0,0,1
1680,1,0,0,0,0,0,1,0
1681,1,1,0,0,1,1,0,1
1682,0,1,1,0,0,1,0,1
1683,0,0,1,0,1,0,0,1
1684,0,0,0,0,1,1,0,1
1685,0,1,1,1,1,1,0,1
1686,1,0,0,0,1,1,0,0
1687,0,0,1,1,0,0,1,0
1688,1,1,1,0,0,0,0,1
1689,1,0,1,1,1,1,1,0
1690,0,0,1,0,1,1,0,0
1691,1,0,0,0,0,1,1,0
1692,1,0,1,1,0,0,0,1
1693,0,0,0,1,0,0,1,0
1694,1,1,0,0,0,1,1,0
1695,1,1,1,1,0,0,1,0
1696,1,1,1,0,0,1,1,0
1697,0,0,0,1,0,0,1,0
1698,0,0,1,1,0,1,0,0
1699,0,0,1,0,0,1,1,0
1700,1,1,1,1,1,0,0,1
1701,0,0,0,1,1,1,1,0
1702,1,1,0,0,1,0,1,0
1703,1,1,0,1,1,0,1,0
1704,1,0,1,0,1,1,1,0
1705,1,0,0,1,0,0,1,1
1706,0,0,1,0,0,1,0,1
1707,1,0,0,1,1,1,0,0
1708,0,0,0,1,1,0,1,1
1709,1,1,0,0,1,1,0,1
1710,0,0,1,0,0,1,0,0
1711,0,0,0,0,0,0,0,1
1712,1,0,1,0,1,0,0,0
1713,1,1,0,0,0,1,1,0
1714,1,0,0,1,0,0,0,1
1715,1,0,1,0,0,1,1,1
1716,0,0,1,1,1,1,0,1
1717,1,1,0,1,0,0,1,0
1718,1,0,0,1,1,1,1,0
1719,1,1,0,1,0,1,0,0
1720,1,0,1,1,0,0,0,1
1721,1,1,1,1,0,1,0,0
1722,1,1,1,1,0,0,0,1
1723,1,1,1,1,0,0,1,1
1724,1,0,1,1,0,1,1,1
1725,0,0,0,0,1,0,1,1
1726,1,1,0,1,0,1,1,0
1727,1,0,0,0,1,1,1,1
1728,1,0,1,0,1,1,0,0
1729,0,1,1,0,0,1,1,0
1730,0,1,0,0,0,1,0,0
1731,0,1,0,1,0,1,1,0
1732,0,1,0,1,1,1,0,1
1733,1,0,0,0,1,1,0,0
1734,1,1,0,0,1,1,0,1
1735,0,0,0,0,1,1,1,0
1736,0,1,1,0,1,0,1,1
1737,1,1,0,0,1,1,1,0
1738,0,1,0,1,0,1,0,1
1739,0,1,1,0,0,0,0,1
1740,0,0,0,1,0,1,1,1
1741,1,0,1,0,0,0,1,1
1742,1,0,1,0,1,1,0,1
1743,1,0,0,1,0,1,0,0
1744,0,1,1,1,0,1,0,0
1745,0,1,1,1,1,1,1,1
1746,0,0,0,1,1,1,0,1
1747,0,1,0,0,0,0,1,0
1748,0,1,0,0,1,1,1,0
1749,0,0,0,0,0,0,1,0
1750,1,0,0,0,1,1,1,0
1751,1,0,0,1,0,1,1,1
1752,0,1,1,1,0,1,0,0
1753,0,1,1,1,0,0,1,0
1754,1,1,1,0,0,0,0,0
1755,1,0,0,0,0,0,1,1
1756,1,1,0,0,0,1,1,0
1757,1,0,1,1,0,1,1,0
1758,0,1,0,1,0,0,0,1
1759,1,1,0,1,0,1,0,1
1760,0,1,0,0,1,0,0,0
1761,0,1,1,1,0,1,0,0
1762,0,0,0,0,1,0,1,0
1763,0,1,1,0,1,1,1,0
1764,1,0,0,1,0,0,0,0
1765,1,0,0,1,0,1,0,1
1766,1,0,0,0,0,1,0,1
1767,1,0,1,1,0,1,0,0
1768,1,0,1,1,1,1,0,0
1769,1,1,1,0,1,0,1,0
1770,0,0,0,1,1,1,0,0
1771,0,1,0,1,1,0,0,0
1772,0,1,1,1,0,0,1,1
1773,0,1,0,1,1,0,1,1
1774,0,0,0,0,0,1,0,1
1775,1,1,0,0,0,1,1,0
1776,1,0,0,0,0,1,1,0
1777,0,0,1,0,0,0,0,1
1778,0,1,1,0,1,1,1,1
1779,1,1,1,0,1,1,0,1
1780,0,1,1,1,0,0,0,0
1781,1,0,0,1,1,0,0,1
1782,1,0,0,1,1,1,1,0
1783,1,1,0,1,1,1,1,0
1784,1,0,0,0,0,0,0,1
1785,0,0,0,0,0,1,1,0
1786,0,0,0,1,1,0,1,1
1787,1,1,0,1,0,0,0,0
1788,1,1,0,1,1,1,1,0
1789,0,0,0,1,1,1,0,1
1790,1,0,0,0,1,1,1,1
1791,0,0,0,1,0,0,0,1
1792,1,0,0,0,1,0,1,0
1793,1,1,0,0,0,1,0,0
1794,1,1,0,1,1,0,0,1
1795,0,1,0,1,1,0,1,0
1796,0,0,0,0,1,0,1,1
1797,1,1,0,0,0,1,1,0
1798,0,1,0,0,1,0,1,0
1799,0,0,0,1,0,1,1,1
1800,1,1,0,1,1,0,0,0
1801,0,0,0,1,1,0,1,0
1802,1,1,1,0,1,0,0,0
1803,0,1,0,1,0,0,1,1
1804,1,0,0,0,0,1,0,0
1805,0,1,1,0,1,1,1,0
1806,0,1,0,0,0,0,1,0
1807,1,0,1,1,0,0,1,0
1808,0,1,0,0,0,1,0,1
1809,0,1,0,1,1,1,1,0
1810,0,1,0,1,0,1,0,1
1811,0,1,0,1,0,0,0,0
1812,1,0,0,0,1,0,0,1
1813,0,1,0,0,1,0,1,1
1814,1,0,0,0,0,1,1,1
1815,1,1,1,0,1,0,1,1
1816,1,1,1,1,1,1,0,0
1817,1,0,1,0,1,0,1,0
1818,0,0,0,0,0,1,1,1
1819,1,1,1,1,1,1,0,0
1820,1,0,0,0,0,0,0,1
1821,1,0,0,0,1,1,1,1
1822,1,0,0,0,1,1,1,1
1823,0,1,1,1,0,0,1,1
1824,1,0,0,0,1,0,0,1
1825,1,0,0,1,1,0,0,1
1826,1,1,0,1,1,1,0,0
1827,1,0,0,0,0,1,1,0
1828,1,0,1,0,0,0,0,0
1829,1,1,0,0,0,1,1,1
1830,1,1,1,1,1,1,0,1
1831,1,1,0,0,1,1,0,1
1832,0,0,0,0,1,1,0,0
1833,0,0,0,0,1,0,0,1
1834,1,1,0,0,1,1,0,1
1835,1,1,0,1,0,1,0,0
1836,1,0,0,1,0,0,0,0
1837,0,0,0,0,1,0,1,0
1838,0,1,1,1,1,1,1,0
1839,1,1,0,0,0,0,1,0
1840,1,0,0,1,1,0,0,1
1841,0,0,0,0,1,1,1,1
1842,0,0,0,0,1,0,1,0
1843,0,1,1,0,1,1,0,1
1844,1,0,0,0,0,1,0,0
1845,0,1,1,0,0,1,1,1
1846,0,1,0,0,0,1,0,0
1847,1,0,0,1,1,1,0,1
1848,1,1,1,0,1,0,1,1
1849,0,0,1,1,0,0,1,0
1850,0,1,1,0,0,1,1,0
1851,0,0,0,1,1,1,0,0
1852,0,0,0,1,1,1,0,0
1853,1,0,1,0,1,0,1,0
1854,1,1,1,1,0,0,0,1
1855,0,0,0,1,0,1,1,1
1856,1,0,1,1,0,1,0,0
1857,1,1,1,1,0,1,0,1
1858,0,0,0,1,0,1,1,0
1859,0,1,0,1,0,0,1,1
1860,0,0,1,0,0,1,0,1
1861,1,1,0,0,1,1,1,1
1862,0,1,0,0,1,0,0,0
1863,1,0,0,1,0,0,0,0
1864,1,1,0,0,0,0,0,0
1865,1,1,1,0,1,1,0,1
1866,1,0,1,0,0,0,1,0
1867,1,1,1,0,1,1,1,0
1868,1,1,0,1,0,0,0,1
1869,1,0,0,1,1,0,1,0
1870,1,0,0,1,0,1,0,1
1871,0,1,1,1,1,0,1,0
1872,1,1,1,1,0,1,1,0
1873,0,1,1,1,0,1,1,0
1874,1,0,0,0,1,0,1,0
1875,1,0,0,0,0,1,0,0
1876,0,1,0,0,0,0,1,1
1877,0,1,0,0,0,0,1,1
1878,0,1,1,0,1,1,1,0
1879,0,1,0,0,0,0,0,1
1880,0,1,1,1,1,1,1,0
1881,1,1,1,1,0,0,0,0
1882,1,1,1,1,1,0,0,0
1883,0,0,1,0,0,0,0,1
1884,0,0,0,1,1,1,0,0
1885,1,1,1,0,0,1,0,0
1886,1,1,0,0,1,1,0,0
1887,1,1,1,1,0,1,0,0
1888,1,0,1,0,1,0,1,0
1889,1,0,0,1,1,0,0,0
1890,1,0,0,1,1,1,0,1
1891,1,0,0,1,0,0,1,0
1892,1,1,0,1,0,1,1,0
1893,1,1,1,1,0,1,1,1
1894,0,1,1,0,0,0,1,1
1895,1,1,1,1,0,0,1,1
1896,0,1,0,0,0,0,1,0
1897,1,1,0,1,0,1,0,0
1898,1,0,1,1,1,1,0,0
1899,1,0,1,0,0,1,1,1
1900,1,1,0,1,1,0,1,0
1901,0,1,1,0,1,0,0,0
1902,0,1,0,0,0,0,0,0
1903,0,0,0,1,1,0,0,1
1904,1,1,1,1,0,1,1,1
1905,1,1,1,0,1,0,1,0
1906,1,0,0,0,0,0,0,0
1907,0,0,0,1,1,0,1,0
1908,0,1,0,1,0,1,1,0
1909,0,0,1,1,0,0,1,0
1910,0,0,0,0,0,0,0,0
1911,1,0,1,1,0,1,1,1
1912,1,1,1,0,0,0,1,1
1913,1,1,0,0,1,0,1,1
1914,1,1,1,0,1,0,0,0
1915,0,0,1,0,0,0,1,0
1916,1,0,0,1,1,1,0,1
1917,1,0,1,1,0,1,1,1
1918,1,1,0,0,0,1,1,0
1919,1,1,1,0,1,1,1,0
1920,1,0,1,1,1,1,1,1
1921,0,0,0,1,0,1,0,1
1922,1,0,1,0,1,0,1,1
1923,1,1,1,0,1,0,0,1
1924,0,0,1,0,1,0,1,1
1925,1,1,0,1,0,0,1,0
1926,0,0,1,1,1,0,0,1
1927,1,0,1,1,0,1,1,1
1928,1,0,1,1,0,1,1,1
1929,1,0,1,1,0,0,0,1
1930,0,1,1,0,0,0,1,1
1931,1,0,1,0,0,0,1,0
1932,1,0,0,0,1,0,0,1
1933,1,1,0,0,1,1,0,0
1934,0,0,0,1,0,1,0,0
1935,0,1,0,0,1,1,1,0
1936,1,0,0,0,0,0,1,1
1937,0,0,0,1,1,0,0,1
1938,1,0,0,0,1,1,0,1
1939,1,1,1,0,1,0,1,0
1940,1,0,1,0,1,1,1,1
1941,1,0,1,0,0,1,0,1
1942,1,1,0,0,1,1,0,0
1943,1,0,0,1,0,1,1,0
1944,1,1,1,1,0,0,0,0
1945,0,0,0,1,0,0,1,1
1946,1,1,1,1,0,1,1,1
1947,0,0,0,1,0,1,1,1
1948,1,1,0,1,0,1,1,1
1949,1,1,0,0,1,0,0,0
1950,1,0,0,1,1,1,0,0
1951,0,0,0,0,0,1,1,0
1952,0,0,0,1,1,0,0,0
1953,1,0,0,1,1,1,1,0
1954,0,0,1,0,0,1,0,0
1955,1,0,1,0,1,0,1,0
1956,0,1,1,1,1,0,1,1
1957,0,1,1,0,0,0,0,0
1958,1,0,0,1,0,1,1,1
1959,0,1,1,0,1,0,0,0
1960,0,1,1,0,0,1,1,1
1961,1,1,1,1,0,0,1,0
1962,0,0,0,0,1,0,1,1
1963,1,1,1,0,1,1,1,0
1964,1,1,1,0,1,1,1,1
1965,1,0,1,0,0,0,1,0
1966,0,1,1,1,0,1,1,1
1967,1,0,1,1,0,0,0,1
1968,0,0,1,1,0,0,1,1
1969,0,1,1,1,1,1,0,1
1970,0,1,0,0,1,1,1,0
1971,1,0,0,0,0,1,0,1
1972,0,0,1,0,1,1,1,0
1973,1,1,0,0,1,0,1,0
1974,0,0,0,1,1,1,1,1
1975,1,0,1,0,1,0,0,0
1976,1,0,0,0,0,1,1,1
1977,0,1,0,0,1,0,0,1
1978,0,1,1,0,1,0,0,1
1979,1,1,1,0,0,1,0,1
1980,0,0,0,0,1,0,1,0
1981,0,0,0,0,0,0,1,1
1982,1,1,0,1,1,1,0,0
1983,1,0,1,0,0,1,1,0
1984,0,1,0,1,0,0,1,1
1985,0,1,1,0,1,1,1,0
1986,1,1,0,0,0,0,0,1
1987,1,0,1,1,0,1,0,1
1988,1,1,0,1,0,0,0,0
1989,1,1,1,1,0,1,1,0
1990,0,1,1,1,1,0,1,0
1991,0,0,0,0,1,0,1,0
1992,0,1,1,1,0,1,1,0
1993,1,1,1,0,0,1,0,0
1994,1,0,1,0,1,1,0,1
1995,1,0,1,0,1,1,0,1
1996,1,1,1,1,0,0,1,0
1997,1,1,0,1,1,0,0,1
1998,0,1,0,1,0,0,0,0
1999,1,1,0,1,1,0,0,0
2000,1,1,1,0,1,1,0,0
2001,0,1,1,0,0,1,0,1
2002,0,1,1,0,1,1,0,0
2003,1,0,0,0,0,1,0,0
2004,1,0,1,1,0,1,0,0
2005,1,0,0,0,1,0,1,0
2006,1,0,0,1,1,0,1,0
2007,0,1,1,0,0,0,0,1
2008,0,0,0,0,1,0,0,1
2009,0,1,1,0,0,1,1,1
2010,1,1,1,0,0,0,0,1
2011,1,1,0,1,0,1,0,0
2012,0,0,1,0,1,0,0,1
2013,1,0,1,1,1,1,0,0
2014,1,1,0,0,0,0,1,0
2015,0,1,0,1,0,0,1,1
2016,1,0,1,1,1,0,0,1
2017,1,0,0,0,1,1,0,0
2018,1,1,1,0,0,1,1,1
2019,0,1,0,0,1,0,1,1
2020,0,1,1,0,0,1,1,0
2021,0,1,1,1,0,0,1,0
2022,0,1,0,0,1,1,0,0
2023,0,0,1,0,1,1,1,1
2024,0,0,0,0,0,1,1,0
2025,0,0,0,0,0,1,0,1
2026,1,1,0,0,0,1,0,0
2027,1,0,0,0,0,1,0,0
2028,1,0,0,0,0,1,1,0
2029,0,1,1,0,1,0,1,1
2030,1,0,0,1,1,0,1,1
2031,0,0,1,1,1,0,0,1
2032,0,0,1,1,1,0,0,0
2033,0,0,0,0,0,0,1,1
2034,0,0,1,1,0,1,1,1
2035,0,0,1,0,1,1,0,0
2036,1,0,1,0,0,1,1,0
2037,1,0,1,1,0,1,0,0
2038,1,1,0,1,0,1,0,1
2039,1,1,0,0,0,0,0,1
2040,1,0,1,1,0,0,0,1
2041,1,0,0,1,0,0,1,0
2042,0,1,1,0,0,0,1,0
2043,1,0,1,0,0,1,1,0
2044,0,1,0,1,1,1,0,0
2045,1,0,0,1,0,0,0,1
2046,1,0,0,0,0,0,1,1
2047,1,1,0,0,0,0,0,1
2048,0,1,1,1,1,0,0,1
2049,0,0,1,0,1,1,1,1
2050,1,1,0,0,0,1,0,0
2051,0,1,0,0,0,1,0,1
2052,0,0,0,0,1,1,1,1
2053,1,1,0,1,0,0,1,1
2054,0,0,1,0,1,0,1,0
2055,1,0,1,0,0,1,0,0
2056,0,0,0,1,0,0,1,0
2057,0,1,1,1,0,0,0,0
2058,0,0,1,0,1,0,0,1
2059,0,1,1,0,1,1,1,0
2060,1,1,0,0,0,0,0,0
2061,1,0,1,0,0,0,0,1
2062,0,1,0,0,1,0,0,1
2063,1,0,0,0,1,1,0,0
2064,0,1,0,0,1,1,0,1
2065,1,0,1,1,0,1,1,0
2066,1,0,0,0,0,1,0,0
2067,0,0,0,0,0,1,0,1
2068,1,0,1,0,0,0,1,0
2069,1,1,1,0,0,0,0,1
2070,0,1,0,0,1,0,0,1
2071,0,0,0,1,0,1,0,0
2072,1,1,1,0,1,0,0,0
2073,0,1,0,0,1,1,0,0
2074,0,1,0,0,1,1,1,0
2075,0,0,0,1,1,0,0,1
2076,1,1,0,1,1,1,1,0
2077,0,1,0,0,1,0,1,0
2078,0,0,0,1,0,1,1,1
2079,0,1,0,1,0,1,1,1
2080,1,1,1,0,0,0,0,0
2081,0,0,1,1,0,1,0,0
2082,0,1,1,1,0,1,0,0
2083,1,1,1,1,0,0,1,0
2084,1,1,1,1,0,1,1,1
2085,1,0,0,0,0,1,1,1
2086,0,1,1,1,1,1,1,0
2087,1,0,1,0,0,1,1,1
2088,0,0,1,0,0,1,1,0
2089,0,1,0,0,0,1,0,0
2090,1,1,1,0,0,1,1,1
2091,1,0,0,0,0,1,0,1
2092,0,0,0,0,0,1,1,0
2093,0,1,1,1,0,0,0,1
2094,0,1,1,1,0,0,0,1
2095,1,0,0,0,0,0,0,1
2096,0,0,0,0,0,0,0,1
2097,1,1,0,1,1,0,1,0
2098,1,1,0,1,1,0,1,0
2099,0,0,1,0,1,1,0,1
2100,1,1,0,0,0,0,1,0
2101,0,1,0,0,0,1,1,1
2102,0,1,1,1,0,1,0,0
2103,0,1,0,0,0,1,1,1
2104,0,1,0,0,0,0,1,1
2105,0,1,1,0,0,1,0,0
2106,0,0,1,0,0,0,1,1
2107,0,1,1,1,1,1,1,0
2108,0,0,1,0,1,0,0,0
2109,0,0,0,1,1,0,1,1
2110,0,0,0,0,0,1,1,0
2111,1,1,1,1,1,1,1,0
2112,0,1,0,0,0,0,1,0
2113,0,1,1,0,1,0,1,1
2114,1,1,1,1,0,0,0,1
2115,1,1,0,1,1,0,1,0
2116,0,1,1,0,0,0,0,1
2117,0,0,1,1,0,0,0,0
2118,1,0,1,1,0,1,0,1
2119,0,1,0,0,1,0,0,1
2120,0,0,1,1,1,1,0,0
2121,0,1,1,0,1,0,1,0
2122,0,0,0,0,0,1,0,1
2123,0,0,1,1,0,1,1,0
2124,1,0,1,0,1,0,0,0
2125,0,0,0,0,1,0,1,0
2126,1,1,0,1,1,1,0,1
2127,0,0,0,0,1,1,1,1
2128,1,0,0,1,1,0,1,1
2129,0,0,1,1,1,0,1,0
2130,1,1,1,1,0,1,0,1
2131,1,0,0,0,0,1,0,0
2132,0,1,0,0,1,0,0,1
2133,0,0,0,0,0,1,1,1
2134,1,1,1,0,1,0,1,0
2135,0,0,0,0,0,0,0,1
2136,0,0,1,0,1,0,1,1
2137,1,0,1,0,0,1,0,1
2138,0,0,0,0,1,0,0,0
2139,0,1,0,1,1,0,1,0
2140,0,0,1,1,1,0,0,0
2141,1,0,0,1,1,1,0,0
2142,0,0,1,0,0,1,0,0
2143,0,0,1,0,1,0,0,1
2144,0,0,1,0,0,0,1,1
2145,0,1,1,0,0,1,1,0
2146,1,0,0,0,0,0,0,1
2147,1,1,0,0,0,0,0,0
2148,1,0,0,1,1,1,1,1
2149,1,0,1,0,1,1,0,1
2150,1,0,0,0,0,0,1,1
2151,1,0,0,0,0,0,0,1
2152,1,1,1,0,0,1,0,0
2153,0,0,0,0,0,0,0,1
2154,0,1,0,1,0,0,1,1
2155,1,0,0,1,0,1,1,1
2156,1,0,0,0,1,0,0,0
2157,1,1,0,1,0,0,0,0
2158,1,0,0,0,1,1,1,1
2159,0,0,1,1,1,0,1,0
2160,1,1,0,0,0,1,1,1
2161,0,1,0,1,0,0,1,1
2162,1,0,0,0,0,1,1,1
2163,1,0,0,0,0,0,0,1
2164,0,0,0,1,0,0,1,1
2165,1,0,1,1,0,1,1,0
2166,0,1,1,1,1,1,0,1
2167,0,1,0,0,0,1,0,0
2168,0,0,0,1,0,1,0,0
2169,0,0,1,1,0,1,0,1
2170,1,1,1,1,1,1,0,1
2171,1,1,0,0,1,1,0,1
2172,1,1,0,1,0,0,0,0
2173,1,0,1,0,0,0,0,1
2174,0,0,0,0,1,1,0,0
2175,0,0,0,1,0,0,1,0
2176,0,0,1,0,1,1,1,0
2177,0,1,1,0,0,0,1,1
2178,0,1,0,1,1,0,1,1
2179,1,0,0,0,0,1,0,1
2180,0,0,0,0,1,0,0,0
2181,1,0,1,1,0,0,1,1
2182,1,1,0,0,0,1,1,0
2183,1,1,0,1,0,1,0,1
2184,1,0,1,0,0,1,1,1
2185,0,1,0,0,0,1,0,1
2186,1,0,1,1,1,0,0,0
2187,1,0,1,1,0,0,0,0
2188,0,1,1,1,0,1,0,0
2189,0,1,0,1,0,1,1,0
2190,1,1,0,0,0,1,1,1
2191,1,1,1,1,0,1,0,1
2192,1,0,1,1,1,0,1,0
2193,1,0,0,0,1,0,0,0
2194,1,1,1,1,1,0,1,0
2195,1,1,1,1,0,1,1,0
2196,0,0,1,1,1,1,1,0
2197,1,0,0,0,0,0,1,0
2198,0,0,1,1,1,1,1,0
2199,1,1,0,1,0,1,1,1
2200,1,0,0,1,1,1,1,0
2201,0,1,1,0,0,0,0,1
2202,1,1,0,1,1,0,0,1
2203,1,1,1,1,0,0,1,0
2204,1,0,0,0,0,0,0,1
2205,1,0,0,1,1,0,1,1
2206,0,0,1,1,0,0,1,0
2207,1,1,0,0,0,0,1,0
2208,1,0,1,0,0,0,0,0
2209,0,1,1,0,0,0,1,1
2210,1,1,0,1,0,0,0,1
2211,0,1,0,1,1,0,1,1
2212,1,1,1,1,1,1,1,1
2213,1,0,1,1,1,1,0,1
2214,1,0,0,0,1,0,0,1
2215,0,0,0,0,1,1,1,1
2216,1,1,1,1,0,0,1,1
2217,0,1,1,1,0,1,1,0
2218,0,1,1,1,0,0,1,1
2219,1,0,1,1,1,1,1,1
2220,1,0,1,1,0,1,0,0
2221,0,0,0,0,1,0,0,1
2222,0,1,1,0,1,0,1,1
2223,1,1,1,0,1,0,0,1
2224,1,1,0,1,0,0,0,0
2225,1,1,0,0,0,1,0,0
2226,1,1,1,1,0,1,0,1
2227,0,0,1,1,1,0,1,0
2228,0,1,0,1,0,1,0,1
2229,0,0,1,0,0,1,0,1
2230,0,1,0,1,1,0,1,1
2231,1,1,1,1,1,1,0,0
2232,0,0,0,0,0,1,1,0
2233,0,0,0,1,0,1,0,1
2234,1,1,0,0,1,0,0,1
2235,0,0,1,1,1,0,0,1
2236,0,1,1,1,1,0,1,1
2237,1,0,1,1,1,0,0,0
2238,0,1,0,1,1,1,0,0
2239,0,1,0,1,0,0,1,1
2240,1,0,1,1,0,0,1,0
2241,0,0,0,1,0,1,1,1
2242,1,0,1,1,0,1,0,1
2243,1,0,1,0,1,1,0,0
2244,0,1,0,1,0,0,0,0
2245,0,0,1,1,0,1,0,0
2246,1,1,1,0,1,0,1,1
2247,1,0,0,1,0,0,1,0
2248,1,0,0,1,1,0,1,1
2249,1,0,0,0,1,0,0,1
2250,1,0,1,1,0,1,1,0
2251,1,1,0,0,1,0,0,0
2252,0,0,0,1,1,0,1,0
2253,1,0,0,0,1,1,0,1
2254,0,1,0,1,0,1,0,0
2255,1,1,1,0,1,0,0,1
2256,0,1,1,1,0,0,1,1
2257,0,0,0,1,1,0,0,0
2258,1,0,1,1,0,0,0,1
2259,0,0,0,0,1,0,1,0
2260,1,0,0,1,0,1,0,0
2261,1,1,1,0,1,1,1,0
2262,0,0,0,1,1,0,0,1
2263,1,1,0,1,0,1,1,0
2264,1,1,1,1,0,0,0,1
2265,1,0,1,1,0,0,0,0
2266,1,0,1,0,1,0,0,1
2267,1,0,1,0,1,1,1,0
2268,1,0,0,0,0,1,1,0
2269,1,0,1,0,1,0,1,1
2270,0,1,0,1,0,1,0,1
2271,1,1,1,0,0,1,1,1
2272,1,1,0,1,1,1,0,1
2273,1,1,1,0,0,0,0,1
2274,0,1,1,0,1,0,1,0
2275,1,0,1,0,0,1,1,0
2276,0,0,0,0,0,0,0,1
2277,1,1,1,0,1,0,0,1
2278,1,1,1,1,1,1,1,0
2279,0,0,0,0,1,1,0,1
2280,1,1,0,0,1,0,0,0
2281,0,0,0,0,0,0,1,0
2282,0,0,1,1,1,1,0,0
2283,0,0,0,0,1,0,1,0
2284,1,0,1,1,1,1,0,0
2285,1,0,0,0,0,0,1,0
2286,1,0,0,1,0,1,1,1
2287,1,0,0,1,0,0,1,1
2288,1,0,0,0,0,0,1,1
2289,1,1,1,0,0,1,1,0
2290,1,1,0,0,1,1,1,1
2291,1,1,0,0,0,0,1,1
2292,0,0,1,0,1,0,1,1
2293,1,0,0,0,0,1,1,0
2294,0,1,0,1,0,1,0,0
2295,0,0,1,1,0,0,0,1
2296,0,1,0,1,0,1,0,1
2297,0,1,1,0,1,1,1,1
2298,0,0,0,0,0,0,1,0
2299,0,1,0,0,1,0,1,0
2300,0,0,0,1,0,0,1,0
2301,1,1,1,0,0,1,0,1
2302,1,1,0,0,1,0,0,0
2303,1,1,0,1,1,0,1,0
2304,1,1,1,0,1,0,1,0
2305,0,1,1,1,1,1,0,0
2306,1,0,0,0,0,0,0,0
2307,1,0,1,1,1,1,1,1
2308,1,0,1,0,1,0,0,1
2309,0,0,0,1,1,1,0,0
2310,1,0,0,1,0,0,1,0
2311,1,0,0,0,0,1,0,1
2312,1,1,1,0,0,0,1,0
2313,0,0,0,0,0,0,0,1
2314,1,0,0,0,1,1,1,0
2315,0,1,0,0,0,0,1,0
2316,0,0,1,0,0,0,1,1
2317,1,1,0,0,1,0,0,0
2318,1,1,1,1,0,1,1,1
2319,0,1,0,0,1,0,0,0
2320,0,1,1,0,0,0,0,0
2321,1,0,1,1,1,0,0,0
2322,1,1,0,0,1,1,0,0
2323,0,1,1,1,0,0,1,1
2324,1,1,1,0,1,1,1,0
2325,0,0,1,0,1,1,1,0
2326,1,1,0,0,0,1,1,0
2327,1,1,1,0,1,1,1,1
2328,0,1,1,0,1,1,0,0
2329,1,0,1,0,1,0,1,1
2330,0,1,0,0,1,0,0,0
2331,1,0,0,1,0,1,0,1
2332,1,0,1,1,0,0,0,0
2333,1,0,1,1,1,0,0,1
2334,1,0,1,1,1,0,0,0
2335,1,1,0,0,1,1,0,1
2336,1,1,0,0,1,0,1,0
2337,0,0,1,0,1,0,1,0
2338,1,1,0,0,1,0,1,1
2339,1,1,1,1,0,1,0,0
2340,1,0,1,1,0,1,1,1
2341,1,0,0,1,0,0,1,1
2342,1,0,0,1,0,1,0,0
2343,1,0,1,1,0,0,1,0
2344,1,1,0,0,0,0,1,1
2345,1,1,0,1,0,1,1,1
2346,0,1,0,1,0,1,0,1
2347,0,0,0,1,0,0,1,0
2348,1,0,1,0,1,0,1,1
2349,1,0,0,1,0,1,0,1
2350,1,1,1,1,0,1,0,0
2351,0,0,1,0,0,1,1,0
2352,1,0,1,0,1,0,1,0
2353,0,1,1,0,1,0,0,1
2354,0,0,0,1,0,1,1,0
2355,0,1,0,0,1,1,1,1
2356,0,0,1,1,1,1,0,0
2357,0,1,0,0,0,1,1,1
2358,1,1,0,1,0,1,0,0
2359,1,1,0,0,1,0,0,1
2360,0,0,0,1,0,1,1,0
2361,0,1,0,0,1,0,1,0
2362,1,1,1,0,0,0,0,0
2363,1,0,0,0,1,1,0,1
2364,0,1,0,0,1,1,0,0
2365,0,0,0,0,0,1,1,1
2366,1,0,1,1,0,0,1,0
2367,1,1,0,0,1,0,1,0
2368,1,0,0,0,0,1,0,0
2369,0,1,1,0,0,0,1,1
2370,0,1,0,1,0,0,1,0
2371,0,0,0,1,1,0,1,1
2372,1,0,1,0,0,0,1,1
2373,0,1,0,0,1,0,1,1
2374,0,1,1,1,1,1,0,0
2375,1,0,0,0,1,1,0,0
2376,1,0,0,1,0,1,1,0
2377,1,0,1,1,1,0,0,1
2378,1,1,1,0,1,1,1,1
2379,1,0,0,1,1,1,0,1
2380,0,1,1,0,1,0,1,0
2381,0,0,0,0,0,1,0,0
2382,1,0,0,1,0,0,1,1
2383,1,1,1,0,1,0,1,1
2384,0,0,1,0,1,1,1,1
2385,1,1,0,1,1,0,0,1
2386,0,1,0,1,0,1,0,1
2387,0,1,0,1,0,0,1,0
2388,0,1,0,0,1,0,0,0
2389,0,0,0,0,1,1,1,1
2390,1,0,1,0,1,1,0,0
2391,0,0,0,1,0,1,0,1
2392,1,0,1,1,1,1,0,0
2393,0,0,1,1,0,1,0,0
2394,1,1,1,0,0,0,1,1
2395,1,0,0,0,1,0,1,0
2396,0,1,0,0,0,1,1,1
2397,0,0,1,0,1,1,0,1
2398,1,1,0,1,0,0,0,0
2399,0,0,0,1,0,0,0,1
2400,0,1,0,1,1,1,0,0
2401,0,0,0,0,0,1,0,1
2402,0,1,1,1,0,1,1,0
2403,0,1,1,0,0,0,0,1
2404,1,0,0,0,1,0,0,1
2405,0,1,0,0,1,0,0,1
2406,0,1,0,1,1,1,0,0
2407,1,0,0,1,0,0,1,1
2408,1,1,0,1,0,0,0,1
2409,1,0,0,1,0,0,1,1
2410,0,0,0,0,1,0,1,1
2411,1,0,1,1,0,0,0,1
2412,1,1,0,0,0,1,0,0
2413,0,0,0,1,1,0,0,0
2414,1,0,1,1,0,0,1,1
2415,0,0,0,0,0,1,1,1
2416,1,1,1,0,0,1,1,0
2417,0,0,0,1,0,1,0,1
2418,0,1,0,0,1,1,0,1
2419,1,0,0,0,0,1,1,0
2420,0,0,0,0,1,1,0,0
2421,1,0,1,0,0,1,1,1
2422,0,1,1,0,1,0,1,0
2423,1,0,0,0,1,0,1,0
2424,1,0,0,0,1,0,0,1
2425,0,0,0,1,0,1,1,0
2426,1,0,0,0,0,1,0,0
2427,0,1,0,0,1,0,0,0
2428,1,0,1,0,0,1,1,0
2429,1,1,0,1,0,1,0,0
2430,1,1,1,1,0,1,1,0
2431,0,0,1,1,0,0,1,0
2432,0,0,1,1,1,1,1,0
2433,1,0,0,1,1,1,0,0
2434,1,0,1,0,1,0,0,1
2435,1,1,0,0,0,0,0,0
2436,1,0,0,1,0,0,1,0
2437,1,0,0,1,1,1,1,1
2438,1,0,1,1,0,1,0,1
2439,1,0,1,1,0,1,1,0
2440,0,1,0,0,1,0,0,1
2441,1,1,0,0,1,0,0,0
2442,0,0,1,0,0,1,1,0
2443,1,1,0,1,1,0,0,0
2444,1,1,0,1,0,1,0,0
2445,1,1,1,1,1,1,1,1
2446,0,1,0,1,1,1,1,1
2447,1,1,1,0,0,0,0,1
2448,0,0,1,1,1,0,1,1
2449,1,1,1,0,0,1,1,1
2450,0,0,0,0,1,1,0,0
2451,0,0,0,0,1,0,0,1
2452,0,0,0,1,0,0,0,1
2453,1,1,1,0,1,1,0,0
2454,0,1,0,1,0,0,1,1
2455,1,0,1,0,0,1,1,1
2456,0,0,0,0,1,1,0,0
2457,0,1,0,0,0,0,0,0
2458,1,0,1,0,1,0,0,0
2459,0,1,0,1,0,0,1,1
2460,1,0,1,1,0,0,0,0
2461,0,1,1,0,0,1,0,1
2462,0,1,0,1,0,0,0,0
2463,1,1,0,0,0,0,1,0
2464,1,1,1,1,1,1,1,1
2465,0,1,0,1,0,1,0,0
2466,0,1,1,0,1,1,1,0
2467,0,0,1,1,1,0,1,0
2468,1,1,0,0,1,1,1,1
2469,0,0,1,0,0,1,0,0
2470,0,1,0,0,1,0,0,1
2471,0,1,1,0,1,1,1,1
2472,1,1,0,1,1,1,0,0
2473,1,0,0,1,1,1,1,0
2474,1,0,0,1,1,1,1,0
2475,0,1,1,0,1,1,1,0
2476,1,0,1,1,1,0,1,0
2477,0,1,1,1,0,0,1,0
2478,1,1,0,0,1,1,0,1
2479,1,1,1,1,0,1,0,0
2480,1,1,1,1,0,0,0,1
2481,1,0,1,0,1,1,0,1
2482,0,1,1,1,0,1,1,1
2483,1,0,1,1,0,0,0,0
2484,0,0,1,0,0,1,0,1
2485,1,1,1,0,0,1,0,1
2486,0,1,0,0,1,1,1,0
2487,1,1,0,0,1,0,0,0
2488,0,1,1,1,0,0,1,1
2489,0,0,1,0,1,0,1,0
2490,1,1,0,1,1,1,1,0
2491,1,1,1,1,0,0,1,0
2492,1,1,0,1,0,0,1,1
2493,1,1,1,0,0,0,1,1
2494,0,0,1,0,0,1,0,1
2495,0,1,0,0,0,1,0,1
2496,1,1,1,0,1,0,1,0
2497,0,0,1,0,1,1,1,1
2498,0,1,0,0,1,1,1,1
2499,0,0,0,1,1,1,0,0
2500,0,0,0,0,1,0,0,1
2501,1,0,1,1,0,1,1,0
2502,0,1,1,1,0,0,1,1
2503,1,0,1,0,0,1,0,1
2504,1,1,1,0,1,1,0,1
2505,0,0,1,0,1,1,0,1
2506,1,0,0,0,0,0,0,1
2507,1,1,0,0,1,0,0,1
2508,1,0,0,0,1,1,0,0
2509,0,1,0,0,0,1,1,0
2510,0,1,0,0,0,0,0,1
2511,1,0,1,1,1,0,0,1
2512,1,1,1,0,0,1,0,1
2513,1,1,0,1,1,1,0,1
2514,1,1,0,0,1,1,0,1
2515,0,0,1,0,0,0,0,0
2516,0,0,1,0,0,1,1,0
2517,1,1,0,0,1,0,0,1
2518,1,0,0,1,1,0,1,0
2519,1,1,1,1,0,0,0,1
2520,0,0,1,1,0,0,1,0
2521,0,0,1,0,1,1,0,0
2522,1,1,1,1,0,0,0,0
2523,0,1,1,0,1,0,1,0
2524,1,1,0,0,1,1,0,0
2525,1,1,1,0,1,0,1,0
2526,1,0,1,1,1,1,1,0
2527,1,1,0,0,1,1,0,0
2528,1,1,0,1,1,0,1,0
2529,1,0,1,1,1,1,0,1
2530,1,1,1,1,1,0,0,0
2531,1,1,0,1,0,1,1,1
2532,1,0,0,1,1,0,1,1
2533,1,0,0,1,0,1,0,1
2534,0,1,0,0,0,0,1,1
2535,0,0,0,0,0,0,0,1
2536,1,0,0,0,1,1,0,0
2537,0,1,1,0,1,1,1,1
2538,0,1,0,1,0,0,1,1
2539,1,1,1,1,1,0,1,1
2540,0,0,0,0,1,1,0,0
2541,1,0,0,1,1,0,1,1
2542,1,1,0,1,0,1,1,1
2543,1,1,1,0,0,0,0,0
2544,0,1,0,0,0,1,0,1
2545,1,0,0,0,0,0,1,1
2546,0,0,0,0,1,1,0,1
2547,0,1,0,1,0,1,1,1
2548,1,1,0,0,1,1,0,1
2549,1,0,0,0,1,0,1,1
2550,1,0,0,0,1,0,1,0
2551,0,0,0,0,1,1,1,0
2552,1,0,0,0,0,0,0,0
2553,0,0,1,1,1,0,1,0
2554,1,0,0,1,1,1,1,0
2555,1,0,1,0,1,0,1,0
2556,1,0,0,0,1,1,1,0
2557,0,0,0,0,1,0,0,0
2558,0,0,0,1,1,0,0,0
2559,1,0,1,1,0,0,0,0
2560,1,1,1,1,0,1,0,1
2561,0,1,1,0,0,1,1,1
2562,1,1,1,0,1,0,1,0
2563,0,1,0,1,1,1,1,0
2564,1,0,0,0,0,1,1,0
2565,0,1,1,0,1,0,0,1
2566,1,1,0,1,1,0,1,0
2567,0,0,1,0,1,1,1,1
2568,1,0,0,1,0,1,1,0
2569,1,1,0,1,0,0,1,1
2570,1,1,1,0,1,0,0,1
2571,1,1,0,0,0,1,0,0
2572,0,0,0,1,1,1,1,1
2573,0,0,0,0,1,0,1,1
2574,1,1,0,0,1,1,0,0
2575,0,1,0,0,0,0,0,0
2576,1,0,1,1,1,0,1,1
2577,1,0,1,1,1,1,1,0
2578,1,0,0,1,1,0,0,1
2579,0,0,1,0,0,1,0,1
2580,0,0,0,1,0,1,0,0
2581,0,0,1,1,0,1,0,0
2582,1,1,0,0,0,1,1,0
2583,1,0,1,0,1,0,0,1
2584,1,1,0,1,1,1,0,1
2585,1,1,1,1,1,1,0,0
2586,1,0,1,0,0,1,1,1
2587,1,1,1,0,1,0,1,1
2588,0,1,1,1,1,1,0,0
2589,1,1,0,0,1,1,1,1
2590,1,0,1,0,0,0,0,0
2591,1,1,1,0,0,0,1,1
2592,0,0,0,1,1,1,0,1
2593,0,1,0,1,0,1,1,0
2594,0,0,1,0,1,0,0,1
2595,1,0,1,0,0,1,0,1
2596,0,0,1,1,0,0,1,1
2597,0,0,0,0,1,1,1,0
2598,1,0,0,0,1,0,0,1
2599,1,0,0,0,0,1,0,1
2600,1,1,1,1,1,0,0,0
2601,1,0,1,1,0,0,0,1
2602,1,0,1,1,0,1,1,0
2603,1,0,1,1,1,1,1,1
2604,1,0,0,0,0,0,1,0
2605,1,0,1,0,0,1,1,1
2606,1,0,1,1,0,1,0,0
2607,1,0,1,0,0,1,1,0
2608,1,0,0,0,0,0,1,0
2609,1,1,1,0,1,1,0,0
2610,0,0,1,0,0,0,0,0
2611,0,0,1,1,0,1,1,1
2612,1,1,1,0,1,1,1,0
2613,0,1,0,0,1,1,1,1
2614,1,0,0,1,0,0,1,0
2615,1,0,1,0,1,1,1,1
2616,0,0,0,0,1,1,0,0
2617,1,0,1,1,1,0,1,1
2618,1,0,0,0,0,0,0,1
2619,1,1,0,0,0,0,0,0
2620,1,1,1,0,1,1,1,0
2621,0,0,1,1,1,0,0,0
2622,1,0,0,1,0,1,1,1
2623,1,1,1,0,0,0,1,0
2624,1,1,0,0,0,0,0,0
2625,1,0,0,0,1,0,0,1
2626,0,0,0,0,0,0,1,1
2627,0,1,0,1,1,1,1,1
2628,0,1,0,1,1,0,0,0
2629,0,1,1,1,1,1,1,0
2630,1,1,1,0,0,1,0,1
2631,0,1,1,0,0,0,1,1
2632,1,0,1,0,1,0,1,0
2633,0,0,0,1,0,1,0,0
2634,1,0,1,0,1,1,1,1
2635,1,0,0,1,0,0,1,0
2636,1,1,1,1,1,0,1,0
2637,1,1,1,0,0,0,1,1
2638,1,1,1,1,0,0,0,0
2639,0,1,0,0,1,1,0,0
2640,0,0,1,0,1,0,1,1
2641,1,1,0,0,1,0,0,0
2642,1,1,0,1,1,0,0,1
2643,1,0,0,0,0,1,0,1
2644,1,0,0,1,1,1,0,0
2645,1,0,0,0,1,1,0,1
2646,0,0,0,0,0,0,1,0
2647,1,0,0,0,1,1,1,1
2648,0,0,1,1,0,0,0,0
2649,0,0,0,0,1,0,0,1
2650,0,1,0,0,1,1,1,1
2651,0,0,1,1,0,0,1,1
2652,1,1,1,0,1,0,0,1
2653,1,1,1,0,0,0,0,0
2654,0,0,0,0,0,1,0,1
2655,1,0,0,1,1,0,1,0
2656,1,1,0,0,1,1,0,1
2657,1,0,1,1,1,0,0,0
2658,1,0,1,1,1,0,1,1
2659,1,0,0,0,0,0,1,1
2660,0,0,0,0,0,0,0,1
2661,0,1,1,0,1,0,0,0
2662,0,1,0,0,1,0,1,0
2663,1,1,1,1,0,0,1,1
2664,0,1,0,1,0,1,0,0
2665,1,0,0,0,1,0,1,1
2666,1,1,1,0,1,0,0,0
2667,0,1,0,1,1,1,1,1
2668,1,1,1,0,1,0,0,0
2669,0,1,1,0,1,0,1,1
2670,0,0,0,1,1,0,0,1
2671,0,0,0,0,1,1,0,0
2672,1,1,0,1,0,1,1,1
2673,1,1,0,0,0,1,1,0
2674,0,0,1,1,1,0,0,0
2675,1,0,1,1,0,0,0,1
2676,0,0,0,1,1,0,0,1
2677,1,1,0,1,0,1,1,1
2678,1,0,0,0,1,1,0,1
2679,0,1,1,1,1,1,1,1
2680,1,0,0,0,0,1,1,1
2681,0,1,1,0,0,1,0,1
2682,0,0,0,0,1,1,1,1
2683,1,0,1,0,1,1,0,1
2684,1,1,0,1,1,0,0,0
2685,1,1,1,0,1,0,0,1
2686,1,1,1,1,1,0,0,1
2687,1,0,1,0,1,1,1,1
2688,0,0,0,0,1,1,0,0
2689,1,1,0,1,1,0,0,1
2690,1,1,0,0,1,0,1,1
2691,0,0,0,1,1,1,1,0
2692,0,0,0,0,0,0,1,0
2693,1,0,1,0,1,1,1,0
2694,1,1,0,1,1,1,1,0
2695,0,1,0,1,0,0,1,0
2696,1,0,1,0,0,1,1,1
2697,1,0,1,0,1,0,1,1
2698,0,1,0,1,1,1,0,0
2699,0,1,0,1,1,1,1,0
2700,0,0,0,1,1,0,0,0
2701,0,0,1,1,0,1,1,1
2702,1,1,1,0,0,1,0,0
2703,0,1,0,0,1,0,1,0
2704,1,1,1,0,1,0,1,0
2705,0,1,0,0,1,1,1,1
2706,0,1,0,0,1,1,0,1
2707,0,1,1,0,0,0,0,1
2708,0,1,0,0,1,0,0,1
2709,1,0,1,0,0,1,1,0
2710,0,1,1,1,1,0,1,0
2711,1,0,0,0,0,1,1,1
2712,0,1,1,1,1,1,0,1
2713,1,1,0,1,1,0,1,1
2714,1,0,0,0,0,1,0,1
2715,1,0,1,1,1,0,1,0
2716,1,1,0,0,0,1,1,1
2717,1,0,0,1,0,0,1,0
2718,0,0,0,1,1,0,1,0
2719,0,0,0,1,1,0,0,0
2720,0,0,1,1,1,0,1,1
2721,1,1,0,0,1,0,1,0
2722,0,1,0,0,1,1,0,0
2723,1,0,0,1,1,1,0,1
2724,1,0,1,1,0,0,1,0
2725,0,1,0,0,1,1,1,0
2726,1,0,0,1,0,1,0,0
2727,1,0,0,1,1,0,0,0
2728,1,0,1,1,1,1,1,0
2729,1,1,0,0,1,1,1,1
2730,1,1,0,0,1,1,1,0
2731,0,1,1,0,1,0,0,0
2732,0,0,1,1,0,1,0,0
2733,0,1,0,0,0,0,0,0
2734,1,0,0,0,1,0,1,0
2735,1,1,1,0,0,1,1,1
2736,1,1,0,1,0,1,1,1
2737,0,1,1,1,1,1,0,0
2738,1,0,0,1,1,0,0,1
2739,1,1,1,0,1,1,0,1
2740,1,1,1,0,0,0,0,0
2741,0,0,1,0,1,0,0,0
2742,1,0,0,1,1,1,0,0
2743,1,0,1,0,1,1,0,1
2744,0,1,0,0,0,1,0,0
2745,0,1,0,0,0,1,0,1
2746,1,0,1,1,0,0,0,1
2747,1,0,1,0,1,1,1,1
2748,1,0,0,1,0,0,0,0
2749,1,1,0,0,1,0,0,1
2750,1,1,0,1,0,0,1,0
2751,0,0,1,0,0,0,1,1
2752,0,0,1,0,0,1,1,0
2753,0,1,1,0,1,0,0,1
2754,0,0,1,0,0,1,1,1
2755,1,0,0,1,0,0,1,1
2756,0,0,0,0,1,0,0,0
2757,0,1,1,0,1,0,0,1
2758,1,1,0,1,0,0,1,1
2759,0,1,1,1,0,1,1,1
2760,1,0,0,1,1,0,1,1
2761,0,0,1,1,0,1,1,0
2762,1,0,1,0,0,1,0,1
2763,1,0,0,0,1,1,1,1
2764,0,0,1,1,0,1,1,1
2765,1,0,1,0,0,0,0,0
2766,0,1,1,1,1,1,1,1
2767,1,0,0,1,1,0,0,0
2768,1,0,0,1,0,1,0,1
2769,1,1,0,1,0,0,0,0
2770,1,1,1,0,1,0,0,1
2771,1,1,1,0,1,1,1,1
2772,1,1,0,1,1,1,1,0
2773,1,1,0,0,0,1,1,0
2774,0,0,1,1,1,0,1,0
2775,1,0,0,0,0,0,1,0
2776,1,1,1,1,0,1,1,0
2777,1,1,0,0,0,0,1,1
2778,0,0,1,1,1,1,1,0
2779,1,0,1,1,1,0,0,1
2780,0,0,1,1,1,1,1,1
2781,1,0,1,0,1,0,1,0
2782,0,0,0,1,1,1,0,1
2783,1,1,0,0,0,0,0,1
2784,1,1,0,0,0,0,1,0
2785,0,0,1,1,1,0,0,0
2786,1,0,1,1,0,1,1,0
2787,1,0,0,1,1,1,0,1
2788,1,1,1,0,0,1,0,1
2789,1,1,0,0,1,0,0,1
2790,0,0,0,1,1,1,0,1
2791,1,0,1,0,1,1,0,0
2792,1,1,1,1,0,0,0,1
2793,1,1,1,1,1,1,0,0
2794,0,0,1,1,0,0,1,1
2795,0,0,1,0,1,0,0,1
2796,1,0,1,1,1,1,0,0
2797,0,0,0,0,1,1,1,1
2798,1,0,1,0,0,0,1,1
2799,0,1,1,0,1,1,0,0
2800,0,0,1,1,0,0,1,1
2801,1,1,0,1,1,0,1,1
2802,1,0,1,0,0,0,0,0
2803,1,0,1,0,1,1,1,1
2804,0,0,0,1,1,0,0,0
2805,0,1,0,1,0,0,0,0
2806,1,0,1,0,1,1,1,0
2807,0,0,0,0,1,0,0,1
2808,1,1,1,0,1,1,0,1
2809,0,1,1,1,0,0,1,0
2810,1,0,1,0,0,0,0,1
2811,0,0,0,0,1,0,0,0
2812,1,0,1,0,0,1,0,1
2813,0,0,0,1,0,1,1,0
2814,1,1,1,0,0,0,0,1
2815,0,0,1,1,0,1,1,1
2816,0,0,0,0,0,0,1,1
2817,0,1,0,0,0,0,0,0
2818,0,1,1,0,1,0,1,1
2819,1,1,0,1,0,0,1,1
2820,1,1,0,0,0,0,0,1
2821,1,1,1,1,0,1,1,0
2822,0,1,1,0,0,0,1,0
2823,0,1,1,1,0,1,0,1
2824,0,0,0,0,0,1,1,0
2825,1,1,0,1,1,0,0,1
2826,1,0,0,1,1,1,1,0
2827,1,1,1,1,1,1,0,1
2828,0,0,1,0,1,1,0,0
2829,1,0,1,0,0,0,1,1
2830,0,1,0,1,0,0,1,1
2831,1,0,1,1,1,1,0,1
2832,1,1,0,0,0,1,0,1
2833,1,0,1,1,0,1,0,1
2834,1,1,1,1,1,0,0,1
2835,1,1,0,1,1,1,0,0
2836,0,1,1,0,0,0,1,1
2837,0,0,0,0,0,0,0,0
2838,1,0,1,1,0,0,1,0
2839,0,1,0,1,1,1,0,0
2840,0,0,1,1,0,1,0,1
2841,0,1,0,1,0,0,0,1
2842,0,0,0,1,1,0,0,1
2843,0,0,0,1,0,0,1,0
2844,1,1,0,1,1,1,1,0
2845,0,0,0,0,1,0,0,1
2846,0,0,1,1,1,1,0,1
2847,1,1,1,0,0,0,1,0
2848,1,1,0,1,0,1,0,0
2849,0,0,0,0,0,1,0,1
2850,1,1,0,1,1,0,0,0
2851,1,0,1,0,0,0,0,1
2852,0,0,1,0,1,0,1,1
2853,0,0,0,0,0,1,0,1
2854,1,0,1,0,1,0,0,1
2855,0,0,0,1,0,1,0,0
2856,1,0,1,0,0,0,0,0
2857,0,0,0,1,0,0,1,1
2858,1,0,0,0,1,1,0,0
2859,0,0,1,0,0,0,1,1
2860,1,1,0,0,0,0,0,1
2861,0,1,0,0,0,1,0,1
2862,1,0,0,1,1,1,1,0
2863,0,0,1,1,0,0,1,1
2864,1,1,0,0,1,1,0,1
2865,0,1,0,0,1,1,1,0
2866,0,0,0,1,1,0,1,0
2867,0,0,0,1,0,1,1,0
2868,1,0,1,0,1,1,0,1
2869,1,1,0,0,0,0,0,1
2870,1,0,1,1,1,0,0,0
2871,1,1,1,0,0,1,0,0
2872,1,1,0,1,0,1,1,0
2873,1,0,0,1,1,0,1,1
2874,1,0,1,0,1,1,0,0
2875,0,0,0,0,0,1,0,0
2876,1,1,1,1,0,1,1,1
2877,1,1,1,0,0,1,1,0
2878,1,1,0,0,0,0,0,0
2879,0,1,0,1,1,1,1,0
2880,0,1,0,1,1,1,0,0
2881,0,1,1,0,1,0,0,1
2882,0,0,1,1,0,0,0,0
2883,1,1,1,1,0,0,1,0
2884,0,0,0,0,0,1,1,1
2885,1,0,0,1,0,1,1,0
2886,1,0,0,0,0,0,0,0
2887,0,0,1,0,0,1,0,0
2888,0,0,1,0,0,0,0,1
2889,1,0,1,0,1,0,0,0
2890,1,1,1,0,1,0,0,0
2891,1,0,1,1,0,0,0,1
2892,1,1,0,0,1,0,0,0
2893,0,1,1,0,1,0,1,1
2894,0,1,0,1,0,1,0,1
2895,0,0,0,0,0,1,0,1
2896,1,1,1,0,0,1,0,0
2897,0,1,0,0,0,1,0,1
2898,0,0,0,1,1,0,1,1
2899,1,1,1,1,0,1,1,0
2900,0,0,0,1,0,0,0,1
2901,1,1,0,0,0,0,1,0
2902,0,1,1,0,0,0,1,1
2903,0,0,1,0,0,1,0,1
2904,1,0,0,0,1,0,1,1
2905,0,0,0,1,1,0,1,0
2906,1,1,1,0,1,1,1,0
2907,0,1,0,1,1,1,1,1
2908,0,0,0,0,1,1,1,0
2909,1,0,0,0,0,1,1,1
2910,1,1,0,1,0,1,1,0
2911,1,1,0,0,0,1,0,1
2912,1,1,0,1,1,1,1,0
2913,0,1,0,0,0,0,1,0
2914,1,0,1,1,1,0,0,0
2915,1,0,0,1,0,1,1,1
2916,0,0,1,1,1,1,1,1
2917,1,1,1,0,1,1,0,1
2918,1,1,1,0,1,1,1,0
2919,0,0,1,0,0,1,0,0
2920,0,1,0,1,1,1,0,0
2921,1,1,1,1,0,0,1,1
2922,1,0,1,0,1,1,0,1
2923,1,1,1,0,1,1,0,0
2924,1,0,0,1,0,1,0,1
2925,0,1,0,1,0,0,0,1
2926,1,0,1,1,0,0,1,0
2927,0,0,0,1,1,1,1,0
2928,1,0,1,1,0,0,1,1
2929,0,1,1,0,1,1,1,1
2930,0,0,0,1,1,1,0,1
2931,0,0,0,1,1,0,1,0
2932,0,1,0,1,1,0,0,0
2933,0,1,1,0,0,1,0,1
2934,0,0,1,1,0,1,0,0
2935,0,0,0,0,0,1,0,0
2936,0,1,0,0,0,1,1,0
2937,1,0,1,0,1,0,0,1
2938,1,0,0,0,0,1,0,1
2939,0,0,0,1,1,1,0,0
2940,0,0,1,0,1,1,0,0
2941,1,0,0,0,1,0,1,1
2942,0,1,0,0,1,0,0,0
2943,1,1,0,0,1,1,1,1
2944,0,0,0,0,0,1,1,0
2945,0,1,0,1,1,1,1,1
2946,0,1,0,0,1,0,1,0
2947,1,1,0,0,1,0,0,1
2948,1,0,1,0,1,1,0,0
2949,1,0,0,0,1,0,1,1
2950,0,0,1,0,0,0,0,0
2951,0,0,1,0,0,1,0,1
2952,0,0,1,1,1,0,0,1
2953,0,1,0,0,0,1,1,1
2954,1,0,0,1,1,0,0,0
2955,1,1,1,0,1,0,0,0
2956,0,0,0,1,1,1,1,1
2957,0,0,1,1,0,1,0,0
2958,1,1,0,0,0,0,1,1
2959,0,0,0,1,1,0,0,0
2960,1,1,0,0,0,0,0,0
2961,0,1,0,0,0,1,0,0
2962,0,1,1,1,1,0,1,1
2963,1,1,1,0,1,1,0,0
2964,0,1,0,0,0,1,1,0
2965,0,0,1,1,1,0,1,1
2966,0,0,0,1,0,1,0,0
2967,1,1,0,0,1,1,0,0
2968,0,1,0,1,0,0,0,0
2969,0,0,1,0,1,1,0,1
2970,1,1,1,1,0,0,0,0
2971,1,0,0,1,1,1,0,0
2972,1,0,1,0,0,0,0,0
2973,1,0,1,0,1,1,0,0
2974,0,1,0,0,1,1,1,0
2975,0,1,0,1,0,1,0,1
2976,1,1,1,0,0,1,0,0
2977,1,0,1,1,0,0,1,1
2978,0,1,0,1,0,1,1,1
2979,1,0,1,1,1,1,1,0
2980,1,1,0,1,0,1,1,0
2981,1,0,1,1,1,0,1,0
2982,1,1,0,0,0,0,1,0
2983,1,1,1,1,0,1,0,1
2984,1,1,1,0,0,1,0,1
2985,1,0,0,1,0,1,1,1
2986,0,1,0,1,0,1,0,0
2987,1,0,0,1,1,1,1,1
2988,1,0,0,0,1,1,0,0
2989,0,1,0,1,1,1,1,0
2990,0,1,1,1,1,1,1,1
2991,1,1,1,0,1,0,0,0
2992,1,1,0,1,0,1,1,0
2993,0,0,0,0,0,0,0,1
2994,0,0,1,0,1,0,0,0
2995,1,0,0,1,1,1,0,0
2996,1,1,0,0,0,1,0,0
2997,1,0,0,0,0,1,0,1
2998,1,1,1,1,1,0,0,1
2999,0,0,0,0,0,0,0,1
3000,0,0,1,1,0,0,0,0
3001,1,1,1,1,0,1,0,0
3002,0,1,0,1,0,0,1,1
3003,0,1,1,1,1,0,1,0
3004,0,0,1,1,0,1,0,1
3005,0,0,1,0,1,0,1,0
3006,1,1,1,0,1,0,1,1
3007,1,0,0,1,1,0,1,1
3008,0,0,0,0,1,1,0,0
3009,1,0,1,1,1,1,1,0
3010,1,0,0,0,1,1,0,1
3011,0,1,0,0,0,0,1,1
3012,1,0,1,0,1,1,0,0
3013,1,1,0,0,0,1,1,0
3014,0,1,1,1,1,1,1,0
3015,1,1,0,0,0,0,0,1
3016,1,1,1,0,1,0,0,1
3017,0,1,1,0,0,0,1,1
3018,0,1,1,0,0,0,0,0
3019,1,0,1,0,1,1,1,1
3020,1,1,0,0,0,1,1,1
3021,1,1,0,0,0,1,0,1
3022,1,0,1,0,1,1,1,1
3023,1,0,0,0,1,0,1,1
3024,1,0,1,1,0,0,0,0
3025,0,0,0,0,0,1,1,1
3026,1,0,1,1,0,1,0,1
3027,0,0,0,0,0,0,0,1
3028,0,1,1,1,1,0,0,1
3029,1,0,1,1,0,0,1,0
3030,0,0,0,1,0,0,1,1
3031,0,0,1,1,0,1,1,1
3032,0,0,0,0,0,0,0,0
3033,1,1,0,1,0,0,1,0
3034,1,0,1,1,1,0,0,0
3035,0,0,1,0,1,0,0,1
3036,1,1,0,0,0,0,1,0
3037,0,0,1,1,1,1,1,0
3038,0,1,0,1,0,1,1,0
3039,0,0,0,1,1,0,0,0
3040,0,0,0,1,0,1,0,0
3041,1,1,0,1,1,0,1,1
3042,1,0,0,0,1,1,0,0
3043,0,1,0,0,0,0,0,1
3044,1,1,1,1,0,1,1,0
3045,0,1,1,1,0,1,0,1
3046,1,1,1,0,0,1,0,0
3047,0,0,1,1,1,1,1,0
3048,1,1,0,0,0,1,1,0
3049,1,0,1,0,1,1,1,1
3050,1,1,1,0,1,1,1,0
3051,0,1,0,1,0,0,0,1
3052,0,0,1,0,1,1,0,1
3053,0,1,0,0,0,0,1,0
3054,1,0,1,0,0,0,0,0
3055,0,0,0,0,0,1,0,0
3056,0,0,0,0,0,1,1,1
3057,1,0,1,1,0,1,0,0
3058,1,0,1,0,1,1,1,1
3059,0,0,0,0,1,0,1,0
3060,0,1,1,1,0,0,1,0
3061,1,0,1,0,0,1,0,1
3062,0,0,0,0,1,1,1,1
3063,1,0,0,1,1,1,0,1
3064,0,0,1,1,0,1,0,0
3065,1,1,1,1,0,1,1,1
3066,0,1,0,0,1,0,0,0
3067,0,1,1,0,1,0,1,0
3068,0,0,1,1,1,1,0,1
3069,0,0,1,0,0,1,0,1
3070,1,1,0,0,0,0,1,0
3071,0,0,1,0,0,1,0,1
3072,0,1,1,1,1,1,1,0
3073,1,1,0,0,1,0,0,0
3074,0,1,0,1,1,0,1,0
3075,0,0,0,0,0,1,0,0
3076,0,0,1,0,0,1,1,0
3077,1,0,1,1,0,1,1,0
3078,1,0,0,1,0,1,1,0
3079,1,0,0,0,1,0,0,1
3080,1,0,0,0,1,0,1,1
3081,0,1,1,1,0,1,0,1
3082,1,0,1,0,1,0,0,1
3083,1,0,1,1,0,0,1,1
3084,0,0,0,0,0,0,0,0
3085,1,1,0,0,0,0,0,1
3086,0,1,0,1,0,1,0,0
3087,1,1,0,0,1,0,1,0
3088,0,1,0,1,1,1,0,1
3089,1,0,1,0,1,0,0,0
3090,0,0,1,1,0,1,0,0
3091,1,0,0,0,0,0,0,1
3092,0,0,1,0,0,0,0,1
3093,1,0,0,0,1,0,1,1
3094,1,0,1,0,0,0,1,1
3095,1,1,0,0,1,0,0,1
3096,1,1,1,1,1,1,1,1
3097,0,1,1,0,1,0,0,0
3098,1,1,1,0,1,1,0,1
3099,0,1,0,0,0,1,1,0
3100,1,0,1,0,1,1,1,1
3101,1,1,1,1,1,1,1,1
3102,0,1,1,1,0,1,0,0
3103,1,1,1,0,1,1,1,0
3104,0,0,0,1,1,0,1,1
3105,0,0,0,0,1,0,0,0
3106,1,0,0,0,1,1,0,1
3107,1,1,1,1,1,0,0,0
3108,0,1,0,0,0,0,1,0
3109,1,1,0,0,0,0,0,1
3110,1,1,1,1,1,0,1,1
3111,1,1,0,0,1,0,0,0
3112,0,1,1,0,1,1,0,0
3113,0,0,0,0,0,0,1,1
3114,1,0,0,0,0,0,0,0
3115,1,1,0,0,0,1,1,1
3116,0,1,1,1,0,1,0,1
3117,0,1,0,0,0,0,0,0
3118,0,1,1,1,1,0,0,0
3119,0,0,0,1,1,0,0,1
3120,1,1,1,1,1,1,1,1
3121,1,1,0,0,1,1,0,1
3122,1,0,1,1,1,1,1,0
3123,1,1,0,0,0,1,1,1
3124,1,1,1,1,1,1,0,0
3125,0,0,1,1,0,0,1,1
3126,0,0,1,1,0,0,0,1
3127,0,0,1,1,1,1,0,1
3128,0,1,1,0,0,1,1,0
3129,0,0,1,0,0,0,1,0
3130,1,1,1,1,1,1,0,0
3131,1,0,1,0,0,1,0,1
3132,1,0,0,1,0,0,0,1
3133,0,1,0,1,0,1,1,0
3134,1,1,0,0,1,0,0,1
3135,1,0,0,0,0,1,0,1
3136,1,0,0,0,1,1,1,1
3137,0,1,1,0,0,1,0,0
3138,1,0,0,0,1,0,1,0
3139,0,1,1,1,1,0,0,0
3140,0,0,1,1,1,1,0,1
3141,0,0,1,0,0,0,0,1
3142,1,1,0,0,1,1,1,1
3143,1,1,0,0,1,0,1,0
3144,1,0,0,0,1,0,0,0
3145,0,0,0,1,1,0,1,1
3146,0,1,0,1,1,0,1,0
3147,0,1,0,1,1,0,1,0
3148,0,1,0,0,1,1,1,1
3149,0,1,0,1,1,1,0,1
3150,1,0,0,1,1,0,0,0
3151,0,0,0,0,1,0,0,1
3152,0,1,0,0,0,0,0,1
3153,0,0,1,0,1,0,0,0
3154,1,1,1,0,1,0,1,1
3155,0,1,1,0,0,0,1,1
3156,0,1,0,1,1,0,0,1
3157,1,0,0,0,1,0,0,0
3158,1,1,0,1,1,0,0,1
3159,0,0,0,0,1,1,1,0
3160,1,0,0,1,0,0,0,1
3161,0,0,0,0,1,1,1,1
3162,0,0,0,1,1,1,1,0
3163,1,0,1,1,1,0,1,0
3164,0,1,0,0,1,1,1,0
3165,0,0,0,1,0,1,0,0
3166,1,1,0,1,1,1,0,0
3167,1,1,1,0,0,1,1,0
3168,1,0,1,1,0,0,0,0
3169,0,1,1,1,0,0,1,0
3170,0,1,1,1,1,1,0,1
3171,1,0,1,0,0,0,0,0
3172,1,1,1,0,1,1,0,1
3173,1,0,1,0,0,0,0,0
3174,1,0,0,1,0,1,1,0
3175,0,1,0,0,1,0,0,0
3176,1,1,1,1,0,1,1,0
3177,0,1,1,1,0,0,1,1
3178,1,0,1,0,1,1,0,0
3179,0,0,0,1,0,0,1,1
3180,1,1,0,0,1,1,1,1
3181,1,1,1,1,1,1,0,1
3182,1,1,1,1,0,0,0,0
3183,1,1,1,1,1,1,0,0
3184,0,1,0,0,1,0,1,0
3185,1,1,0,1,0,0,1,1
3186,1,1,1,0,0,0,1,1
3187,0,1,1,0,0,0,1,1
3188,0,1,0,0,1,1,1,0
3189,0,1,1,1,0,1,1,0
3190,0,0,0,0,1,1,0,1
3191,0,1,0,1,0,1,0,1
3192,1,0,0,0,1,0,1,0
3193,1,0,1,1,1,1,0,1
3194,1,0,0,1,1,1,1,0
3195,0,0,0,0,0,1,0,1
3196,1,0,0,0,1,1,0,1
3197,1,1,0,0,1,1,0,0
3198,1,1,0,0,1,0,0,1
3199,0,0,1,1,0,0,0,1
3200,0,0,0,0,1,1,0,0
3201,0,0,1,0,1,1,1,0
3202,0,1,0,0,0,0,1,0
3203,0,1,1,0,1,0,1,0
3204,1,0,1,1,0,0,0,1
3205,1,0,0,0,0,1,1,1
3206,1,1,1,1,0,1,1,1
3207,0,1,0,1,1,0,0,0
3208,1,0,0,0,1,1,1,1
3209,0,0,0,0,0,0,1,0
3210,1,1,0,1,1,0,1,1
3211,0,0,0,1,1,1,0,1
3212,0,1,0,0,1,0,1,1
3213,0,1,0,1,1,1,1,0
3214,0,0,1,0,1,1,1,0
3215,0,1,0,1,1,1,0,1
3216,0,0,0,1,1,0,0,0
3217,0,1,0,1,0,1,0,0
3218,1,0,1,1,1,1,0,1
3219,1,0,1,0,1,0,0,0
3220,0,1,1,0,1,0,0,0
3221,1,0,1,0,1,0,1,1
3222,0,1,1,0,0,1,0,1
3223,0,1,1,0,1,0,1,1
3224,1,0,0,1,1,1,1,0
3225,1,1,1,0,0,0,1,0
3226,0,1,0,1,1,1,1,0
3227,0,0,1,0,1,1,1,1
3228,0,1,1,0,0,1,1,1
3229,0,1,0,1,1,0,0,0
3230,1,1,0,0,0,0,1,1
3231,1,1,1,0,1,1,0,1
3232,0,1,1,1,1,0,0,0
3233,1,1,0,1,1,1,0,1
3234,1,1,1,1,0,1,1,1
3235,1,0,1,1,1,1,1,1
3236,0,0,0,1,0,1,1,1
3237,0,1,1,0,1,0,1,1
3238,1,0,0,0,0,1,0,0
3239,1,1,1,0,1,1,0,0
3240,0,1,0,0,0,1,0,1
3241,1,0,0,0,0,1,0,1
3242,1,0,1,1,0,1,1,0
3243,1,0,0,0,0,1,0,1
3244,0,1,0,0,1,1,1,1
3245,0,0,0,0,0,1,0,0
3246,1,0,0,0,0,0,1,1
3247,0,1,1,0,0,0,0,1
3248,1,0,1,0,1,0,0,0
3249,1,0,1,0,0,0,0,0
3250,0,1,0,0,1,1,0,1
3251,0,0,0,0,1,0,0,1
3252,1,0,0,0,0,1,0,0
3253,1,0,1,1,0,1,1,0
3254,1,1,0,0,0,0,0,0
3255,0,1,1,1,0,0,0,1
3256,1,0,0,0,1,1,1,0
3257,0,0,0,0,0,1,0,1
3258,1,1,0,0,0,1,1,1
3259,0,1,0,0,0,0,1,1
3260,1,1,1,1,1,0,0,1
3261,1,1,0,1,1,0,1,1
3262,0,1,0,1,1,0,0,1
3263,0,1,0,0,0,1,1,1
3264,1,1,1,0,1,0,1,1
3265,0,0,0,0,1,1,1,0
3266,1,1,0,0,1,0,1,1
3267,1,0,1,1,0,1,0,0
3268,0,1,1,0,0,0,0,0
3269,0,0,0,0,1,1,0,0
3270,0,0,0,0,0,0,1,0
3271,0,0,1,1,1,1,1,0
3272,0,1,1,1,1,1,0,0
3273,1,0,0,1,0,1,1,0
3274,1,1,0,1,0,1,1,0
3275,0,1,1,0,1,0,1,0
3276,0,0,1,0,1,0,1,1
3277,1,1,0,1,1,0,1,0
3278,1,0,1,0,1,1,1,1
3279,1,1,1,0,0,1,0,0
3280,1,1,0,1,0,1,1,1
3281,0,0,0,0,1,1,1,0
3282,0,0,1,0,0,1,1,0
3283,0,0,1,0,0,1,1,0
3284,1,1,0,0,1,1,0,1
3285,1,1,1,1,1,1,1,0
3286,1,0,1,1,1,1,1,0
3287,0,0,0,1,1,0,0,0
3288,0,0,1,0,1,1,1,0
3289,1,1,0,1,1,1,1,1
3290,0,1,1,1,0,0,1,0
3291,1,1,1,1,0,0,0,1
3292,1,0,1,1,0,0,0,0
3293,1,0,0,0,1,0,0,0
3294,0,0,1,0,1,1,1,0
3295,0,0,1,0,0,0,0,0
3296,0,1,0,1,0,1,0,1
3297,0,0,1,1,1,0,1,1
3298,1,1,1,0,0,0,1,1
3299,1,0,1,1,1,1,0,0
3300,1,1,0,1,0,1,1,1
3301,0,1,0,0,1,1,0,0
3302,1,1,0,1,1,1,1,1
3303,1,0,1,0,1,1,1,0
3304,0,0,0,0,1,1,0,0
3305,0,1,1,0,1,1,1,1
3306,1,1,0,0,1,0,0,0
3307,0,0,0,0,1,1,0,0
3308,0,1,1,0,0,0,1,1
3309,1,0,0,0,1,0,0,1
3310,1,1,1,1,1,0,0,0
3311,1,1,0,1,0,0,1,0
3312,1,0,0,0,1,0,0,1
3313,0,1,1,1,0,1,1,0
3314,1,0,1,1,0,1,0,1
3315,1,1,1,0,1,0,1,1
3316,1,1,0,0,1,1,0,1
3317,1,1,0,1,0,0,0,1
3318,1,1,0,0,1,0,1,1
3319,0,0,0,0,0,0,0,0
3320,1,0,1,1,1,0,1,0
3321,0,0,0,1,0,1,1,1
3322,1,0,0,1,1,1,1,1
3323,0,0,1,1,0,1,1,1
3324,0,1,1,0,1,1,1,0
3325,0,0,0,1,0,1,0,0
3326,1,1,0,1,1,1,0,1
3327,1,0,0,1,1,0,0,1
3328,1,0,1,1,1,1,1,1
3329,0,0,1,1,1,0,0,0
3330,0,1,1,1,0,0,1,1
3331,0,1,0,1,1,0,1,0
3332,1,0,0,1,1,1,1,1
3333,1,1,0,0,1,1,0,0
3334,0,0,1,1,1,1,1,1
3335,1,1,0,0,1,1,1,1
3336,1,0,0,1,1,0,1,1
3337,1,0,0,0,0,0,0,1
3338,1,0,1,0,1,1,0,1
3339,0,0,1,0,0,1,0,1
3340,1,1,0,0,0,1,0,1
3341,0,1,0,1,0,1,1,0
3342,1,0,1,1,1,0,0,0
3343,0,0,1,1,0,1,0,0
3344,1,1,0,0,0,0,0,0
3345,1,1,0,0,0,0,0,1
3346,1,0,1,0,1,0,0,1
3347,1,0,1,1,1,1,1,1
3348,1,0,0,1,0,1,1,1
3349,1,0,0,0,0,0,0,0
3350,1,1,0,1,0,0,1,1
3351,0,0,0,1,1,1,0,0
3352,0,1,0,0,1,0,1,1
3353,1,1,1,1,1,1,1,0
3354,1,1,1,1,1,1,0,1
3355,1,1,1,1,0,1,1,0
3356,1,1,1,1,0,1,1,0
3357,1,1,1,1,1,0,1,1
3358,0,1,1,1,0,0,0,1
3359,1,1,0,0,0,0,1,1
3360,0,0,1,0,1,0,0,0
3361,1,0,0,0,0,1,1,0
3362,0,0,0,1,1,1,1,0
3363,0,0,1,0,0,0,0,1
3364,1,0,0,0,0,1,0,0
3365,0,1,0,0,1,0,0,0
3366,1,1,1,1,1,0,0,1
3367,1,0,0,0,1,1,0,1
3368,1,1,1,1,1,0,1,0
3369,0,0,0,1,0,1,1,0
3370,1,1,0,1,1,1,0,1
3371,1,1,0,0,0,1,0,1
3372,0,0,0,0,1,1,1,0
3373,1,1,0,0,0,1,1,0
3374,1,0,0,0,1,0,0,1
3375,1,0,1,0,0,0,0,0
3376,0,1,1,1,1,1,0,1
3377,1,1,0,1,0,1,0,0
3378,0,1,1,0,0,0,0,1
3379,0,1,0,0,1,0,1,0
3380,1,0,0,1,1,1,0,1
3381,0,1,0,1,0,1,1,0
3382,1,1,1,1,0,1,1,1
3383,1,1,0,1,1,0,0,0
3384,0,1,0,1,0,1,0,1
3385,1,0,0,0,1,0,1,0
3386,0,1,1,1,1,1,1,1
3387,0,1,1,0,0,0,1,1
3388,1,1,1,0,0,1,0,0
3389,1,1,1,1,1,0,0,1
3390,1,0,0,1,0,0,0,1
3391,0,0,0,1,0,1,0,1
3392,1,0,0,0,1,0,1,0
3393,1,0,1,0,1,1,1,1
3394,0,0,0,1,1,0,1,1
3395,0,1,1,0,0,0,1,0
3396,1,1,1,1,1,0,1,0
3397,1,0,0,0,0,0,1,1
3398,1,1,0,0,1,0,1,1
3399,1,1,0,0,1,0,0,0
3400,1,0,0,0,1,0,0,0
3401,1,1,0,0,1,0,0,0
3402,0,0,0,0,0,0,1,1
3403,0,0,1,1,0,1,1,1
3404,1,0,0,1,1,1,1,1
3405,0,1,0,1,0,0,1,0
3406,1,0,1,0,0,1,0,0
3407,1,0,0,0,0,1,1,0
3408,0,1,0,0,0,0,1,1
3409,1,1,0,0,0,1,0,0
3410,1,1,0,0,0,0,1,0
3411,1,0,0,1,0,0,1,0
3412,0,1,0,0,1,1,0,1
3413,1,0,0,1,0,1,0,1
3414,1,0,1,1,0,1,1,0
3415,1,0,0,1,0,0,1,1
3416,1,1,0,0,1,1,0,0
3417,0,1,1,0,0,0,1,1
3418,1,0,1,0,1,0,0,0
3419,1,1,1,0,0,0,1,0
3420,1,0,0,0,0,1,0,1
3421,0,0,1,0,1,1,1,0
3422,0,1,1,0,1,1,0,1
3423,1,1,0,1,1,0,0,1
3424,1,0,0,1,0,0,0,1
3425,1,1,0,1,1,1,1,0
3426,0,0,1,1,0,1,1,1
3427,1,1,1,0,0,1,0,1
3428,0,1,1,0,1,0,0,0
3429,0,0,0,0,1,1,1,1
3430,0,1,0,0,1,1,0,0
3431,1,0,1,0,1,0,1,0
3432,0,0,1,0,0,1,0,0
3433,1,0,0,1,0,1,1,0
3434,0,1,1,1,1,0,0,1
3435,1,1,1,0,0,0,0,0
3436,1,0,1,1,0,0,1,1
3437,1,0,1,1,0,1,1,0
3438,1,1,0,1,0,1,1,0
3439,1,1,0,1,0,0,1,1
3440,0,0,0,1,1,1,0,0
3441,0,1,0,0,1,1,0,0
3442,0,0,0,1,0,0,1,1
3443,1,1,0,1,0,0,0,0
3444,0,1,1,0,1,1,1,0
3445,1,0,0,0,0,1,0,0
3446,1,0,0,0,0,1,0,0
3447,0,1,0,0,0,0,0,0
3448,0,1,0,1,1,0,0,0
3449,0,0,0,1,1,1,0,1
3450,0,0,0,1,1,0,0,1
3451,0,1,0,0,1,1,1,0
3452,0,0,0,0,1,1,1,1
3453,0,0,0,0,1,1,0,1
3454,0,0,1,0,1,0,1,0
3455,1,1,1,0,0,0,1,0
3456,0,0,0,1,0,1,1,1
3457,0,0,1,0,0,1,0,1
3458,1,1,1,1,0,0,1,0
3459,1,0,0,0,1,1,0,1
3460,1,0,1,0,0,1,1,0
3461,0,0,0,1,0,1,0,1
3462,0,1,1,0,0,1,1,1
3463,0,1,0,1,1,0,1,1
3464,0,0,1,0,1,0,0,0
3465,0,1,1,0,0,1,1,0
3466,1,0,0,1,1,1,0,1
3467,1,0,0,0,0,0,1,0
3468,1,1,0,1,1,0,0,1
3469,1,0,1,0,0,1,0,1
3470,1,1,1,0,0,1,1,0
3471,1,1,0,1,0,0,1,1
3472,0,1,0,1,0,0,0,0
3473,0,0,0,1,1,1,0,1
3474,0,0,1,1,1,1,0,0
3475,0,1,0,0,0,1,0,1
3476,0,1,0,1,0,0,1,1
3477,0,0,0,0,1,0,1,0
3478,1,1,0,1,0,0,0,0
3479,0,0,1,1,1,0,0,1
3480,0,0,1,1,0,0,1,0
3481,1,1,1,0,0,1,1,0
3482,0,1,0,0,1,1,0,0
3483,1,0,0,0,1,0,1,0
3484,1,0,0,0,0,0,1,1
3485,1,1,0,1,1,0,1,1
3486,0,0,1,1,1,1,0,1
3487,0,1,1,1,1,0,1,0
3488,1,1,1,1,1,1,0,0
3489,0,0,0,1,1,1,0,1
3490,1,1,0,1,1,0,1,1
3491,1,0,1,0,0,0,1,0
3492,1,1,1,1,0,0,1,0
3493,1,1,0,1,1,0,0,1
3494,1,1,1,1,0,0,1,0
3495,0,1,0,0,1,0,1,1
3496,0,0,1,1,0,0,1,0
3497,1,1,1,1,1,0,0,1
3498,1,1,1,0,1,0,1,1
3499,1,0,1,1,0,1,0,0
3500,0,0,0,1,1,1,1,1
3501,1,1,1,0,1,0,1,0
3502,1,1,1,1,1,1,0,0
3503,1,1,0,1,0,1,0,0
3504,0,0,1,1,1,0,0,0
3505,1,0,0,1,1,0,0,1
3506,0,1,1,0,1,0,0,0
3507,0,1,1,1,0,0,0,0
3508,1,0,1,1,0,0,1,1
3509,0,0,0,1,0,1,0,1
3510,0,0,0,0,0,1,0,0
3511,0,1,0,0,0,1,1,0
3512,1,1,1,1,1,1,0,0
3513,0,0,0,0,0,1,0,1
3514,1,1,0,0,0,1,1,1
3515,1,0,0,0,1,1,1,0
3516,0,1,1,1,1,1,1,1
3517,1,0,0,0,0,1,0,0
3518,1,1,0,1,0,0,0,0
3519,0,0,0,0,1,1,1,0
3520,0,1,1,0,1,0,1,0
3521,0,1,0,1,0,0,0,0
3522,1,1,1,0,0,1,1,1
3523,0,0,1,1,0,1,0,0
3524,1,0,1,1,0,1,1,0
3525,0,0,1,1,0,1,1,1
3526,0,1,0,0,0,1,1,0
3527,0,1,1,1,1,1,1,1
3528,0,1,0,0,1,1,1,1
3529,1,1,1,0,1,1,0,0
3530,0,1,0,1,1,0,1,1
3531,0,1,1,1,1,0,1,1
3532,0,1,1,0,0,0,0,1
3533,0,1,0,1,1,0,1,0
3534,1,0,0,0,0,1,1,1
3535,0,0,0,1,0,1,0,1
3536,1,0,0,1,0,1,0,1
3537,0,0,1,0,1,0,1,0
3538,1,1,0,0,1,0,1,1
3539,1,0,1,0,0,0,1,1
3540,1,0,0,1,1,1,0,1
3541,1,1,0,1,0,1,0,1
3542,0,0,0,0,1,0,0,1
3543,0,0,1,0,1,0,1,0
3544,1,0,1,1,0,0,0,0
3545,0,0,1,0,0,1,1,1
3546,0,1,0,1,0,1,0,0
3547,0,0,1,1,0,1,0,0
3548,0,0,1,1,0,1,1,0
3549,1,0,0,0,0,0,1,1
3550,1,0,0,0,0,0,1,1
3551,0,0,0,0,1,1,1,0
3552,0,1,1,0,0,0,0,1
3553,0,1,1,0,0,0,1,1
3554,1,0,0,1,0,0,1,1
3555,1,1,0,1,0,1,0,1
3556,1,1,1,1,0,0,1,1
3557,0,1,1,1,0,0,1,0
3558,1,0,0,0,1,0,1,1
3559,1,1,1,1,1,1,1,0
3560,1,0,1,1,0,1,1,0
3561,0,1,0,0,0,1,0,0
3562,1,0,1,0,1,0,0,1
3563,1,1,1,1,1,0,1,1
3564,0,0,1,1,0,1,0,1
3565,0,1,0,0,0,1,1,0
3566,0,0,1,0,0,1,0,1
3567,0,1,0,1,0,0,0,1
3568,0,0,0,0,1,0,1,0
3569,0,1,0,1,0,0,1,1
3570,0,0,1,0,1,0,1,0
3571,1,0,1,0,0,1,0,1
3572,0,0,0,1,0,0,1,0
3573,1,0,1,1,0,0,1,1
3574,1,1,1,1,1,1,0,1
3575,0,0,0,1,0,1,0,1
3576,0,0,0,0,1,0,1,0
3577,1,1,1,0,0,1,1,0
3578,1,0,1,1,0,1,0,1
3579,0,1,0,0,0,0,1,1
3580,0,1,0,0,1,0,0,0
3581,1,0,0,0,0,0,1,1
3582,1,1,1,0,0,0,1,0
3583,1,1,0,1,0,0,1,1
3584,1,0,1,0,0,0,0,0
3585,1,1,1,1,1,0,0,0
3586,0,1,1,0,1,0,1,1
3587,1,1,1,0,1,0,0,1
3588,1,1,0,0,1,1,0,1
3589,0,1,1,0,1,0,1,0
3590,0,0,1,0,1,0,1,0
3591,1,0,0,1,1,0,1,1
3592,0,0,0,0,1,0,1,0
3593,1,0,0,0,1,0,0,0
3594,1,1,0,1,1,1,0,1
3595,0,0,0,1,1,1,1,1
3596,1,1,0,1,0,1,0,1
3597,1,0,1,1,1,0,1,1
3598,0,0,1,0,1,0,1,0
3599,1,1,1,1,0,0,0,1
3600,1,0,0,0,0,0,0,0
3601,0,0,1,1,1,0,1,0
3602,0,0,0,1,1,0,0,1
3603,1,0,1,1,0,1,0,0
3604,0,1,1,0,0,1,1,0
3605,0,1,0,0,1,0,1,1
3606,0,1,0,0,0,0,1,0
3607,1,0,1,0,1,0,1,0
3608,1,1,0,0,0,1,1,0
3609,1,0,1,0,0,0,0,1
3610,1,0,0,1,0,1,0,0
3611,0,1,0,1,1,1,1,1
3612,1,1,0,1,0,0,1,1
3613,1,0,0,1,1,1,1,0
3614,0,0,0,1,1,1,0,0
3615,0,1,1,0,0,0,0,1
3616,0,0,1,0,1,1,1,1
3617,0,1,0,1,1,1,0,1
3618,0,1,0,0,0,0,0,1
3619,0,1,1,1,1,1,1,0
3620,1,0,0,1,1,1,1,0
3621,1,0,0,1,1,1,0,0
3622,1,1,0,1,1,0,1,1
3623,1,0,1,1,1,1,0,1
3624,0,1,0,1,1,0,1,1
3625,0,0,0,1,1,0,0,0
3626,1,0,0,1,0,1,1,1
3627,1,0,0,0,0,1,1,1
3628,0,0,1,1,0,1,1,1
3629,0,0,0,1,1,1,1,0
3630,0,1,1,1,0,1,0,0
3631,1,0,1,0,0,0,1,1
3632,1,1,1,0,0,0,1,1
3633,0,1,0,0,1,1,1,0
3634,1,1,1,0,0,1,1,0
3635,1,1,0,0,0,1,0,1
3636,1,1,1,0,0,0,1,1
3637,1,0,0,0,1,1,1,0
3638,1,0,0,0,1,1,0,0
3639,0,1,0,1,1,1,0,0
3640,0,1,0,1,1,0,0,1
3641,1,1,0,0,1,1,1,0
3642,0,0,0,1,1,1,1,0
3643,0,0,1,1,1,1,1,1
3644,0,1,1,0,0,0,0,0
3645,0,1,0,0,1,0,1,1
3646,1,1,0,0,1,1,1,0
3647,0,1,1,1,0,0,1,0
3648,0,0,0,0,0,0,1,1
3649,1,1,0,0,1,0,1,0
3650,1,1,0,1,1,1,0,1
3651,0,1,1,0,1,0,0,0
3652,0,0,0,1,1,0,0,0
3653,1,1,0,0,0,0,0,0
3654,0,1,0,0,1,0,1,1
3655,0,1,0,1,1,0,0,1
3656,1,1,0,1,1,0,1,1
3657,1,0,0,0,1,1,1,1
3658,0,1,0,1,1,0,1,1
3659,0,0,1,0,1,0,0,1
3660,1,1,0,0,0,0,1,1
3661,1,1,0,1,0,0,0,0
3662,0,1,0,0,1,0,1,1
3663,1,1,0,1,0,0,0,1
3664,0,1,1,0,1,0,1,0
3665,1,1,1,0,0,0,0,1
3666,0,1,0,0,1,0,0,1
3667,1,1,1,0,1,0,0,1
3668,0,0,0,1,0,0,0,0
3669,0,1,0,0,0,1,0,1
3670,0,1,1,0,1,1,1,0
3671,0,1,0,0,0,1,1,0
3672,1,1,0,1,1,0,0,1
3673,0,0,0,0,1,1,1,0
3674,1,0,0,0,1,0,1,1
3675,1,1,0,1,1,0,0,1
3676,1,0,1,0,0,0,0,1
3677,1,0,0,1,0,1,1,0
3678,0,1,1,1,1,0,0,0
3679,1,0,0,0,1,0,1,0
3680,1,0,0,0,0,0,0,1
3681,1,1,1,0,1,1,0,0
3682,1,1,0,1,1,1,1,1
3683,1,1,0,0,0,0,0,1
3684,0,0,1,0,0,0,1,0
3685,0,1,0,0,0,1,1,0
3686,1,0,1,1,0,0,0,1
3687,0,0,0,1,0,0,1,1
3688,0,1,1,1,0,1,0,1
3689,0,1,1,0,1,0,1,0
3690,1,1,1,0,1,0,1,1
3691,0,1,0,0,1,1,1,1
3692,0,1,0,1,0,1,0,1
3693,0,1,1,1,1,0,1,0
3694,0,0,1,0,1,0,0,1
3695,1,0,1,1,1,0,1,1
3696,0,0,0,0,1,1,0,1
3697,0,1,0,0,0,0,0,0
3698,0,0,0,1,0,1,1,1
3699,0,1,0,0,1,0,0,1
3700,0,1,1,0,0,0,0,0
3701,1,0,0,0,0,1,1,1
3702,1,1,0,1,1,1,0,1
3703,0,0,1,0,1,0,0,1
3704,1,1,0,0,0,0,0,1
3705,1,0,1,0,1,1,1,0
3706,1,0,1,0,0,0,0,0
3707,1,1,0,0,0,1,1,0
3708,0,1,0,0,0,0,0,1
3709,1,1,0,0,1,1,0,1
3710,1,0,1,1,0,0,0,0
3711,0,0,0,0,0,0,0,1
3712,1,0,1,0,0,1,0,0
3713,0,0,1,0,0,1,0,0
3714,0,1,1,0,1,0,0,0
3715,1,0,1,0,1,1,0,1
3716,1,0,1,0,1,0,0,1
3717,1,1,1,0,1,0,1,0
3718,0,1,0,0,0,1,0,0
3719,0,0,0,1,1,1,1,1
3720,1,1,1,1,1,0,1,0
3721,1,1,1,1,0,1,0,0
3722,1,1,0,1,0,1,0,0
3723,1,1,0,1,1,0,0,0
3724,0,1,0,0,0,1,1,0
3725,1,0,1,1,0,1,0,1
3726,1,0,0,0,1,0,1,1
3727,1,0,1,0,1,1,0,0
3728,0,1,0,0,0,0,0,0
3729,0,0,0,1,1,1,1,1
3730,1,1,0,1,0,0,1,0
3731,0,0,0,0,1,0,1,0
3732,1,0,1,1,1,1,1,1
3733,0,0,0,0,1,1,0,1
3734,0,1,0,1,1,1,0,0
3735,0,0,0,1,1,0,1,1
3736,1,1,0,0,1,1,0,0
3737,0,0,0,0,1,1,0,0
3738,0,0,1,1,0,0,1,0
3739,0,0,0,1,0,1,1,0
3740,0,1,0,1,0,1,0,0
3741,0,1,1,1,1,0,0,1
3742,0,0,1,1,0,1,1,1
3743,0,1,1,0,0,0,0,0
3744,1,0,1,1,1,0,0,1
3745,1,0,1,0,0,1,0,1
3746,0,0,0,0,1,1,0,0
3747,1,0,0,0,0,1,0,0
3748,0,0,0,0,0,1,1,0
3749,1,0,0,0,0,0,0,0
3750,1,1,0,0,1,1,0,1
3751,0,1,0,1,1,1,0,1
3752,0,1,0,1,1,0,0,0
3753,0,0,1,1,1,0,1,0
3754,1,0,0,0,1,1,0,0
3755,1,1,1,1,0,0,0,1
3756,1,1,0,0,1,1,1,1
3757,0,0,0,0,0,1,1,0
3758,0,1,0,1,1,1,1,1
3759,1,0,0,0,0,0,1,0
3760,0,1,1,1,1,0,1,0
3761,1,1,1,1,0,1,0,1
3762,1,1,0,1,1,0,1,1
3763,0,0,1,0,1,0,1,1
3764,1,1,0,0,1,0,0,0
3765,0,1,0,1,0,0,1,0
3766,0,0,1,0,1,0,1,1
3767,1,1,1,0,1,0,0,0
3768,1,0,0,0,1,0,1,0
3769,1,1,0,0,0,0,1,0
3770,0,1,0,0,0,0,0,0
3771,1,1,1,0,0,0,1,1
3772,0,0,1,0,1,1,1,0
3773,0,0,0,0,1,0,0,0
3774,1,0,0,1,0,1,0,1
3775,1,1,0,0,1,1,0,0
3776,0,1,1,1,1,1,1,0
3777,1,1,0,0,0,1,0,0
3778,1,0,1,1,1,1,0,1
3779,0,0,0,0,1,0,0,1
3780,0,1,0,0,1,0,1,1
3781,1,1,0,1,1,1,1,0
3782,1,1,0,1,1,0,1,0
3783,1,1,0,1,0,1,1,1
3784,0,0,1,0,1,0,0,1
3785,1,1,1,0,1,1,0,1
3786,0,0,1,0,1,0,1,0
3787,0,0,1,1,1,0,1,0
3788,1,0,0,1,0,1,1,1
3789,0,0,0,0,1,0,0,1
3790,0,1,0,1,0,0,0,1
3791,1,0,0,1,0,0,0,1
3792,0,1,1,0,1,1,0,1
3793,0,0,0,0,1,0,1,0
3794,0,1,1,1,0,1,0,0
3795,0,0,0,0,0,0,0,1
3796,0,0,0,0,1,1,1,1
3797,1,0,0,0,1,1,0,0
3798,1,0,1,0,0,1,1,0
3799,1,1,0,0,0,1,1,1
3800,1,0,1,1,1,1,0,0
3801,1,0,1,0,1,1,1,1
3802,1,1,1,0,1,1,0,0
3803,1,0,0,1,0,0,0,0
3804,1,0,0,0,0,1,0,0
3805,0,1,1,0,1,1,0,1
3806,1,1,0,1,0,0,1,1
3807,0,1,0,0,0,1,0,1
3808,0,1,0,1,0,1,0,1
3809,1,1,0,0,0,0,1,0
3810,1,1,0,0,1,1,0,0
3811,1,0,0,0,0,0,0,0
3812,1,1,0,1,0,1,1,0
3813,1,0,1,0,1,0,0,0
3814,1,0,0,0,0,0,0,1
3815,0,0,0,1,1,0,1,0
3816,0,1,0,0,1,1,0,0
3817,0,1,0,1,1,1,0,0
3818,1,1,0,1,1,0,0,1
3819,1,0,1,0,1,1,0,0
3820,1,1,0,1,1,0,1,1
3821,1,0,1,1,0,0,0,1
3822,1,1,0,0,0,0,1,0
3823,1,0,0,0,0,0,0,1
3824,1,0,0,1,0,0,0,0
3825,1,1,1,1,1,0,0,1
3826,1,0,1,1,0,0,0,0
3827,0,1,0,1,0,0,1,0
3828,0,1,1,1,1,1,0,0
3829,1,1,0,1,0,0,0,0
3830,1,1,1,1,0,1,0,0
3831,1,1,0,0,0,0,1,0
3832,0,1,0,0,1,1,1,1
3833,1,0,1,0,1,0,1,1
3834,1,1,1,1,0,0,1,1
3835,0,0,0,1,0,0,1,0
3836,0,1,0,0,1,0,1,0
3837,0,0,0,0,1,1,1,0
3838,0,0,1,1,1,0,0,1
3839,1,1,1,0,0,1,0,0
3840,1,1,0,1,0,0,1,1
3841,1,1,0,1,1,0,0,0
3842,0,0,1,0,1,0,0,1
3843,0,0,1,1,0,0,1,0
3844,1,1,0,1,1,1,0,0
3845,0,0,1,1,0,0,1,1
3846,1,1,1,1,0,1,1,1
3847,0,1,1,1,0,0,1,1
3848,0,1,0,0,0,0,0,0
3849,1,1,0,1,0,1,0,1
3850,1,0,0,1,0,0,1,0
3851,1,1,0,0,0,0,0,1
3852,0,0,1,1,0,1,1,0
3853,0,0,0,0,1,0,1,0
3854,0,0,0,1,0,0,1,0
3855,1,1,0,0,0,0,0,1
3856,1,1,0,1,1,0,0,0
3857,1,1,1,0,0,0,0,0
3858,0,1,0,0,1,1,0,1
3859,1,1,1,1,0,1,0,0
3860,0,1,1,0,1,0,1,1
3861,1,0,1,0,0,1,0,1
3862,0,1,1,1,1,1,1,0
3863,0,1,0,0,0,1,1,1
3864,1,1,1,1,0,1,1,1
3865,0,1,1,0,0,0,1,1
3866,1,1,1,1,0,0,1,1
3867,0,1,0,1,0,1,0,0
3868,0,1,1,0,0,0,0,0
3869,0,0,1,0,0,0,1,0
3870,0,0,0,0,1,1,0,1
3871,1,0,0,0,0,0,0,0
3872,0,1,0,1,1,0,0,1
3873,0,1,1,1,1,0,1,0
3874,0,0,1,1,0,0,0,1
3875,1,0,0,1,0,0,0,0
3876,1,1,1,1,1,1,1,0
3877,0,1,1,0,0,1,1,1
3878,0,1,0,0,1,1,1,0
3879,1,0,1,0,0,1,1,1
3880,1,0,0,0,0,0,1,1
3881,0,1,0,1,1,0,0,0
3882,0,1,1,1,1,0,0,0
3883,1,0,0,0,0,1,1,0
3884,0,0,1,1,1,1,1,0
3885,1,0,1,1,0,1,1,0
3886,1,1,1,0,0,1,0,0
3887,0,0,1,0,1,1,1,0
3888,1,0,1,1,1,0,0,1
3889,0,1,1,0,0,0,1,0
3890,1,0,1,1,1,0,0,0
3891,0,0,0,1,0,0,1,1
3892,0,0,1,0,0,1,0,1
3893,1,1,0,1,1,0,1,0
3894,1,1,1,0,1,1,1,0
3895,0,0,1,0,0,1,1,1
3896,1,0,0,1,1,0,0,0
3897,1,1,0,0,0,1,1,1
3898,1,1,1,0,0,1,1,0
3899,0,0,0,0,1,0,0,1
3900,1,1,0,0,0,1,1,0
3901,0,0,1,0,0,1,1,1
3902,1,1,1,0,0,1,1,1
3903,1,0,0,1,0,0,1,0
3904,0,1,0,1,1,0,0,0
3905,1,1,1,0,1,0,1,0
3906,0,1,1,0,1,1,1,1
3907,0,0,1,1,0,1,1,0
3908,1,1,0,0,1,1,1,0
3909,1,0,1,1,0,1,0,0
3910,0,1,1,1,0,0,1,0
3911,1,0,1,1,1,1,1,1
3912,1,1,1,0,0,1,0,0
3913,0,1,1,0,0,1,1,0
3914,0,1,1,0,0,0,1,0
3915,0,0,1,0,1,1,1,1
3916,0,1,0,0,1,0,1,1
3917,0,0,0,0,1,1,1,0
3918,1,0,0,0,0,0,1,1
3919,1,1,0,0,0,1,0,0
3920,1,1,0,1,0,0,1,1
3921,1,1,1,1,1,0,1,1
3922,1,0,0,0,1,0,0,1
3923,1,0,0,1,0,1,0,1
3924,1,1,0,0,1,1,1,1
3925,1,1,1,0,0,1,1,1
3926,1,1,0,0,1,1,1,0
3927,0,0,1,1,0,0,0,0
3928,1,1,1,1,1,1,0,0
3929,0,0,1,1,0,0,0,0
3930,1,1,1,0,1,1,1,0
3931,1,0,0,1,1,0,1,1
3932,0,1,0,0,1,0,0,0
3933,1,0,0,0,1,0,0,1
3934,0,0,0,0,1,1,1,0
3935,1,1,1,1,1,0,1,0
3936,0,0,0,1,0,0,0,1
3937,0,0,0,0,0,1,0,1
3938,0,1,1,0,1,0,1,0
3939,0,1,1,0,1,0,0,1
3940,0,1,0,1,1,1,1,0
3941,1,0,0,0,0,1,0,0
3942,1,0,0,0,1,0,1,1
3943,1,0,1,1,1,1,1,0
3944,0,0,1,1,0,1,1,0
3945,0,1,0,0,1,0,1,0
3946,0,0,0,1,1,0,0,1
3947,0,0,1,0,1,1,0,1
3948,1,1,1,0,0,1,1,1
3949,1,0,1,0,1,1,0,1
3950,1,1,1,1,1,1,1,0
3951,1,1,0,0,1,0,0,0
3952,0,1,1,0,0,0,1,0
3953,0,1,1,1,0,0,0,1
3954,1,1,1,0,0,1,0,0
3955,1,0,0,0,0,1,0,1
3956,1,1,1,0,0,1,0,0
3957,1,1,1,0,0,0,1,0
3958,0,0,1,0,1,1,1,1
3959,1,0,1,1,0,0,0,1
3960,0,0,0,0,0,0,0,0
3961,1,0,1,0,0,0,0,1
3962,0,0,1,0,1,0,1,1
3963,1,1,0,0,0,1,1,0
3964,0,1,0,0,1,0,1,0
3965,0,0,0,0,1,1,0,1
3966,0,0,1,0,0,0,0,1
3967,0,1,0,0,1,1,1,1
3968,1,1,1,1,1,0,0,1
3969,1,0,1,0,1,0,1,1
3970,1,0,1,0,0,1,0,1
3971,1,0,0,1,0,1,1,0
3972,0,1,0,1,1,1,0,1
3973,0,0,1,0,1,0,0,0
3974,0,1,0,0,1,0,1,1
3975,0,1,0,0,0,1,0,0
3976,1,0,0,0,0,1,0,1
3977,0,0,1,0,0,0,1,0
3978,1,1,0,0,1,0,0,0
3979,0,0,0,1,1,0,1,1
3980,0,1,1,1,0,1,1,1
3981,0,0,1,1,0,0,1,1
3982,1,0,0,0,1,1,0,1
3983,0,1,0,0,0,1,0,1
3984,1,1,0,1,0,1,1,1
3985,1,1,1,1,1,1,1,1
3986,1,1,0,0,0,0,0,0
3987,0,1,0,0,0,1,1,1
3988,1,0,0,0,1,1,0,1
3989,0,1,0,0,1,1,1,1
3990,1,1,1,1,1,0,0,1
3991,0,0,1,0,0,0,0,1
3992,0,1,1,0,0,1,1,1
3993,0,1,1,1,0,1,1,1
3994,1,0,1,0,1,1,1,1
3995,0,1,1,0,0,1,1,1
3996,1,1,1,0,0,1,1,1
3997,1,0,1,0,0,1,0,1
3998,1,1,1,0,0,1,0,0
3999,0,1,0,0,1,1,0,1
4000,1,0,1,1,1,1,0,1
4001,1,1,1,1,1,0,1,0
4002,0,0,0,1,1,0,1,1
4003,0,0,0,1,1,0,1,1
4004,0,1,0,1,1,1,0,1
4005,1,0,1,0,1,0,1,0
4006,0,0,1,0,1,0,0,1
4007,1,1,0,0,0,0,0,1
4008,0,0,0,1,0,0,0,0
4009,0,0,0,0,0,1,0,1
4010,0,1,0,1,0,1,0,1
4011,0,0,1,1,0,1,0,0
4012,0,0,1,0,0,1,1,0
4013,0,0,0,1,0,1,1,1
4014,1,1,1,1,1,0,0,1
4015,0,0,0,1,0,1,1,0
4016,0,1,1,0,1,1,0,0
4017,0,0,1,1,0,1,1,1
4018,0,0,1,0,0,1,1,1
4019,0,1,1,0,1,1,1,1
4020,1,1,1,0,0,0,0,1
4021,1,0,0,0,0,0,0,1
4022,0,1,0,1,0,0,0,1
4023,0,1,0,0,1,1,0,0
4024,1,0,0,0,0,1,0,1
4025,1,1,1,1,0,0,1,0
4026,1,0,0,0,0,0,0,0
4027,0,0,1,0,1,1,0,0
4028,0,1,0,0,0,1,1,1
4029,0,1,0,1,1,1,0,1
4030,1,0,0,0,1,1,0,1
4031,1,1,0,1,1,0,0,1
4032,0,0,1,0,0,1,1,1
4033,1,0,0,0,0,0,0,0
4034,0,0,0,1,0,1,1,0
4035,0,1,1,0,1,1,0,0
4036,1,1,0,0,1,0,0,0
4037,1,1,0,1,1,1,0,0
4038,0,0,0,0,1,1,1,0
4039,1,1,1,1,1,1,1,0
4040,0,0,0,1,1,1,0,0
4041,0,1,0,0,1,0,0,0
4042,1,1,0,0,1,1,1,1
4043,0,0,1,1,1,1,1,0
4044,1,1,1,1,1,1,1,1
4045,0,0,0,0,0,1,0,1
4046,1,1,0,0,1,1,0,0
4047,1,1,1,0,0,1,1,0
4048,0,0,0,1,1,1,1,0
4049,1,0,0,0,1,1,1,1
4050,0,0,1,1,1,0,1,0
4051,1,1,1,1,1,0,1,1
4052,1,1,0,1,0,1,0,1
4053,0,1,0,1,0,1,1,1
4054,1,0,1,0,0,1,1,1
4055,1,1,1,1,1,1,0,1
4056,1,1,1,1,1,0,0,0
4057,1,1,1,1,0,0,1,1
4058,1,1,0,1,1,1,1,1
4059,0,0,1,0,1,1,0,0
4060,1,0,1,1,0,1,1,0
4061,1,0,0,0,1,0,1,0
4062,0,0,1,0,0,1,1,1
4063,0,1,1,0,1,0,1,1
4064,0,1,0,0,0,1,0,0
4065,0,0,1,1,0,0,1,1
4066,1,0,0,0,0,1,1,1
4067,1,1,0,0,0,1,1,0
4068,1,0,0,0,1,1,0,1
4069,0,1,1,0,0,1,1,1
4070,0,1,0,1,0,0,0,0
4071,1,1,1,1,1,0,1,0
4072,0,0,0,0,1,1,0,0
4073,0,1,1,0,1,0,0,1
4074,0,0,0,1,1,1,0,1
4075,0,0,1,1,1,1,0,1
4076,1,0,0,1,0,1,1,1
4077,1,1,0,1,1,1,0,1
4078,1,1,0,0,1,1,0,1
4079,0,0,1,1,0,0,0,1
4080,1,1,0,1,1,0,0,1
4081,0,0,0,0,1,0,1,1
4082,0,0,1,1,0,0,0,1
4083,1,0,0,0,1,1,1,0
4084,1,1,0,1,1,1,1,1
4085,0,0,1,1,1,1,1,0
4086,1,0,1,0,1,0,0,0
4087,1,1,0,0,1,0,1,0
4088,1,1,0,0,1,1,1,1
4089,0,1,1,1,0,0,0,1
4090,1,0,0,0,1,0,0,0
4091,0,0,0,0,0,1,1,1
4092,0,0,1,0,0,1,1,1
4093,1,1,1,0,1,1,0,1
4094,1,1,0,1,1,1,1,0
4095,0,0,0,1,0,1,0,1
4096,0,1,0,0,0,0,0,0
4097,0,0,0,0,0,1,0,1
4098,1,0,1,0,1,1,0,1
4099,0,1,1,1,0,0,1,0
4100,0,1,0,0,0,0,1,1
4101,1,1,1,0,0,1,1,0
4102,0,0,1,1,0,0,1,0
4103,0,1,1,1,0,0,1,1
4104,0,0,0,1,0,0,0,0
4105,0,1,0,1,0,0,0,0
4106,0,1,1,1,0,0,1,0
4107,0,0,0,0,1,0,1,1
4108,0,0,0,0,0,1,1,0
4109,1,1,1,1,1,1,1,0
4110,0,0,0,0,1,0,0,1
4111,1,1,1,0,0,0,0,1
4112,1,0,1,0,1,1,0,0
4113,1,0,0,1,1,1,1,0
4114,1,1,1,0,1,0,0,1
4115,1,1,0,1,0,0,1,1
4116,1,0,1,0,1,1,0,1
4117,1,0,1,0,1,0,0,0
4118,1,0,1,0,0,1,0,0
4119,0,0,0,1,1,1,1,1
4120,1,0,0,0,0,0,0,0
4121,0,0,0,1,0,0,1,0
4122,1,0,1,1,0,1,0,1
4123,0,0,0,1,0,0,1,1
4124,1,0,1,0,0,1,0,1
4125,1,0,1,0,0,0,1,0
4126,1,1,1,0,0,1,1,0
4127,0,0,1,1,0,1,1,1
4128,0,1,1,1,0,0,0,1
4129,1,0,0,0,1,1,1,0
4130,0,1,0,1,1,1,0,0
4131,0,0,0,1,1,1,0,1
4132,0,0,0,0,1,0,1,0
4133,1,0,1,0,0,1,1,1
4134,0,0,0,0,0,1,1,0
4135,0,1,1,1,0,0,1,1
4136,1,0,0,1,1,0,0,0
4137,0,0,1,0,0,0,1,0
4138,0,1,1,1,1,1,1,1
4139,1,1,0,0,0,1,1,1
4140,1,0,1,1,0,0,0,0
4141,1,1,1,0,0,1,1,0
4142,1,0,0,0,0,0,0,1
4143,0,0,0,0,1,0,0,1
4144,0,0,0,0,0,0,0,0
4145,1,0,1,0,1,1,0,0
4146,1,1,0,1,1,1,1,1
4147,1,1,1,1,1,0,0,0
4148,1,1,0,1,1,1,0,1
4149,1,0,0,0,1,1,1,0
4150,0,1,1,1,0,1,1,0
4151,0,1,1,1,1,0,1,1
4152,0,0,1,1,0,0,1,1
4153,1,0,0,0,0,0,0,1
4154,0,0,1,1,1,1,1,1
4155,0,0,0,0,1,1,0,0
4156,1,0,0,1,1,1,0,0
4157,0,1,1,0,0,0,0,1
4158,0,1,0,0,1,0,0,0
4159,0,1,0,1,1,1,1,0
4160,1,0,1,1,0,0,1,0
4161,1,0,0,0,0,1,0,0
4162,1,0,1,0,0,0,0,1
4163,1,0,1,1,1,0,0,1
4164,1,1,1,0,0,1,1,0
4165,1,0,0,0,1,0,0,1
4166,0,1,1,0,1,0,0,1
4167,1,1,0,1,1,0,1,0
4168,1,0,0,1,0,0,1,1
4169,0,0,1,1,0,1,1,1
4170,1,0,0,1,1,1,1,0
4171,0,1,0,0,0,0,1,0
4172,1,0,0,0,1,0,1,0
4173,1,0,0,1,0,1,1,0
4174,0,0,1,0,0,1,0,1
4175,1,0,0,0,1,0,0,0
4176,0,1,0,1,0,0,1,0
4177,1,1,0,1,0,0,1,1
4178,1,0,1,0,1,1,0,1
4179,1,1,0,1,0,0,0,1
4180,1,0,1,1,0,0,1,1
4181,0,1,0,1,1,0,1,0
4182,0,1,0,1,1,0,1,1
4183,1,1,1,1,0,1,0,0
4184,0,1,0,0,0,1,0,0
4185,0,1,0,1,0,1,1,1
4186,1,1,1,1,0,1,1,1
4187,0,0,1,0,0,0,0,1
4188,0,1,0,1,0,1,0,1
